企业名称,统一社会信用代码,成立年限,注册资本（统一人民币为单位）,实缴资本（统一人民币为单位）,经营状态,企业类型,组织类型,投资类型,企业规模,分支机构数量,分支机构名称,地址信息,投融资轮次,企业资质,法定代表人,注册号,组织机构代码,所属行业,经营范围,邮箱（工商信息）_x,邮箱（企业认证信息）,股东,联系电话,联系电话2,联系电话3,联系电话4,联系电话5,推荐电话
北京微笑守护医疗科技有限公司,91110105MA029NP0X5,44298,100万元人民币,,存续,有限责任公司,有限责任公司,法人独资,微型企业,,无分支机构信息,北京市朝阳区朝外雅宝路12号2层208A内1,无投融资信息,小微企业,吉春艳,110105030814788,MA029NP0X,其他技术推广服务,一般项目：技术服务、技术开发、技术咨询、技术交流、技术转让、技术推广；软件开发；人工智能基础软件开发；人工智能应用软件开发；计算机系统服务；市场调查（不含涉外调查）；社会经济咨询服务；企业管理咨询；礼仪服务；企业形象策划；健康咨询服务（不含诊疗服务）；广告发布；广告设计、代理；广告制作；会议及展览服务；医学研究和试验发展；眼镜销售（不含隐形眼镜）；第一类医疗器械销售；第二类医疗器械销售；日用品销售；玩具销售；化妆品零售；个人卫生用品销售；卫生用品和一次性使用医疗用品销售；机械设备销售；食品销售（仅销售预包装食品）；保健食品（预包装）销售。（除依法须经批准的项目外，凭营业执照依法自主开展经营活动）许可项目：第三类医疗器械经营。（依法须经批准的项目，经相关部门批准后方可开展经营活动，具体经营项目以相关部门批准文件或许可证件为准）（不得从事国家和本市产业政策禁止和限制类项目的经营活动。）,445703715@qq.com,,北京市朝阳区嫣然天使儿童医院,17319095961,010-84781977,,,,
北京雍禾医疗科技集团有限公司,91110105MA0011AT64,42277,44285.7万元人民币,31428万元人民币,存续,外商投资,有限责任公司,外商投资企业与内资合资,中型企业,2,"北京雍禾医疗投资管理有限公司温州分公司
北京雍禾医疗投资管理有限公司南宁分公司",,无投融资信息,高新技术企业,严其亮,110105019944879,MA0011AT6,其他技术推广服务,一般项目：技术服务、技术开发、技术咨询、技术交流、技术转让、技术推广；医院管理；医学研究和试验发展；会议及展览服务；广告制作；广告发布；广告设计、代理；社会经济咨询服务；第一类医疗器械销售；第二类医疗器械销售；化妆品零售；日用品销售；针纺织品销售；工艺美术品及收藏品零售（象牙及其制品除外）；货物进出口；技术进出口；进出口代理。（除依法须经批准的项目外，凭营业执照依法自主开展经营活动）许可项目：生活美容服务；第三类医疗器械经营；理发服务。（依法须经批准的项目，经相关部门批准后方可开展经营活动，具体经营项目以相关部门批准文件或许可证件为准）（不得从事国家和本市产业政策禁止和限制类项目的经营活动。）,jiaxn@zhifa.cn,,北京海游友科技有限公司; 北京迅翼科技发展有限公司,19910376310,01057212686,57212686,010-65569688,,
北京环球医疗救援有限责任公司,91110105801393983L,37029,1500万元人民币,1500万元人民币,存续,有限责任公司, ,法人独资,微型企业,2,"北京环球医疗救援有限责任公司西城诊所 
北京环球医疗救援有限责任公司上海分公司",,无投融资信息,高新技术企业 | 专精特新 | 专精特新中小企业,李重远,110000410200518,801393983,急救中心（站）服务,医疗救援服务（诊疗除外）；导医服务；医疗翻译服务；垫付医疗费用；安排家属探视病员；医疗转运；提供上述项目相关的信息咨询；道路救援服务；商务咨询；技术服务、技术开发、技术咨询、技术转让；健康管理（须经审批的诊疗活动除外）；健康咨询（须经审批的诊疗活动除外）；销售日用品、化妆品、文具用品、Ⅰ类、Ⅱ类医疗器械；企业管理；计算机系统服务；软件开发；数据处理；心理咨询（不含诊疗活动）；保险兼业代理业务（保险兼业代理业务许可证有效期至2023年10月18日）；第三类医疗器械经营。（市场主体依法自主选择经营项目，开展经营活动；第三类医疗器械经营以及依法须经批准的项目，经相关部门批准后依批准的内容开展经营活动；不得从事国家和本市产业政策禁止和限制类项目的经营活动。）,dejiao.yan@buma.cn,,上海中卫医疗健康服务有限公司,010-59104998,59104988,59104910,010-59104902,010-59104905,
华美浩联医疗科技（北京）有限公司,91110105MA017D1752,42983,3000万元人民币,2238.5万元人民币,存续,外商投资,有限责任公司,外商投资企业法人独资,小型企业,,无分支机构信息,北京市朝阳区朝阳北路237号5层609,无投融资信息,高新技术企业 | 专精特新 | 专精特新中小企业 | 小微企业,赵微,110105024067902,MA017D175,其他科技推广服务业,一般项目：技术服务、技术开发、技术咨询、技术交流、技术转让、技术推广；健康咨询服务（不含诊疗服务）；软件开发；企业管理咨询；翻译服务；会议及展览服务；广告发布；教育咨询服务（不含涉许可审批的教育培训活动）；企业形象策划；专业设计服务；第一类医疗器械生产；第一类医疗器械销售；第二类医疗器械销售；家用电器销售；日用家电零售；日用品销售；通讯设备销售；电子产品销售；数据处理服务；食品销售（仅销售预包装食品）；家政服务；护理机构服务（不含医疗服务）；病人陪护服务；远程健康管理服务；化妆品零售；市场营销策划；市场调查（不含涉外调查）；人工智能应用软件开发；人工智能行业应用系统集成服务；信息系统集成服务；人工智能理论与算法软件开发；人工智能基础资源与技术平台。（除依法须经批准的项目外，凭营业执照依法自主开展经营活动）许可项目：第二类医疗器械生产；第三类医疗器械生产；第三类医疗器械经营；酒类经营；出版物互联网销售；出版物零售；出版物批发。（依法须经批准的项目，经相关部门批准后方可开展经营活动，具体经营项目以相关部门批准文件或许可证件为准）（不得从事国家和本市产业政策禁止和限制类项目的经营活动。）,wangdandan@ehealthnow.cn,,苏州浩海医疗科技有限公司,010-85950819,010-52749760,18401201686,18911739681,,
佳能医疗系统（中国）有限公司,911100007475016044,37713,7700万元人民币,7700万元人民币,存续,外商投资,有限责任公司,外国法人独资,中型企业,,无分支机构信息,北京市朝阳区新源里3号平安金融中心A座2301-02及B座23层,并购融资,无特殊资质,泷口登志夫,110000410182220,747501604, ,许可项目：第三类医疗器械经营；Ⅱ、Ⅲ类射线装置销售；第三类医疗设备租赁。（依法须经批准的项目，经相关部门批准后方可开展经营活动，具体经营项目以相关部门批准文件或许可证件为准）一般项目：第一类医疗器械销售；第二类医疗器械销售；第二类医疗设备租赁；销售代理；国内贸易代理；专用设备修理；电子产品销售；技术服务、技术开发、技术咨询、技术交流、技术转让、技术推广；软件开发；货物进出口；技术进出口；进出口代理；再生资源回收（除生产性废旧金属）；再生资源加工；再生资源销售；租赁服务（不含许可类租赁服务）；网络技术服务；软件销售；计算机软硬件及辅助设备批发；计算机软硬件及辅助设备零售；信息技术咨询服务；信息咨询服务（不含许可类信息咨询服务）；企业管理咨询；医学研究和试验发展（除人体干细胞、基因诊断与治疗技术开发和应用）。（除依法须经批准的项目外，凭营业执照依法自主开展经营活动）（不得从事国家和本市产业政策禁止和限制类项目的经营活动。）,zhaoxinrui@canon-medical.com.cn,,佳能医疗系统株式会社,56736366,010-57956688,010-57956625,01057956688,57956688,
北京万东医疗科技股份有限公司,9111000063379674X4,35562,70306.1万元人民币,70306.1万元人民币,存续,股份有限公司,其他股份有限公司,上市,,,无分支机构信息,,A股上市,高新技术企业 | 专精特新 | 专精特新中小企业 | 瞪羚企业 | 企业技术中心,宋金松,110000005102777,63379674X,医疗诊断、监护及治疗设备制造,技术咨询、技术服务；货物进出口；技术进出口；代理进出口；机器设备安装、维修；劳务服务；销售汽车（不含九座以下乘用车）、I、II类医疗器械；物业管理；出租商业用房；出租办公用房；医疗器械制造；销售III类医疗器械。（市场主体依法自主选择经营项目，开展经营活动；销售III类医疗器械以及依法须经批准的项目，经相关部门批准后依批准的内容开展经营活动；不得从事国家和本市产业政策禁止和限制类项目的经营活动。）,wangjia@wandong.com.cn,,中国银行股份有限公司-华宝中证医疗交易型开放式指数证券投资基金; 侯志平; 其他股东; 吴庆; 招商银行股份有限公司-南方中证1000交易型开放式指数证券投资基金; 朱干群; 林金坤; 栗建伟; 江苏鱼跃科技发展有限公司; 美的集团股份有限公司; 香港中央结算有限公司,01084569688,010-84575797,84575797,010-84569688,,
北京慧兰医疗科技有限公司,91110105MA017YL61B,43008,2442.1万元人民币,2367.1万元人民币,存续,有限责任公司,其他有限责任公司,,微型企业,,无分支机构信息,,无投融资信息,科技型中小企业 | 小微企业,兰云峰,110105024216397,MA017YL61,其他技术推广服务,一般项目：技术服务、技术开发、技术咨询、技术交流、技术转让、技术推广；健康咨询服务（不含诊疗服务）；第二类医疗器械销售；医院管理；互联网销售（除销售需要许可的商品）；卫生用品和一次性使用医疗用品销售；母婴生活护理（不含医疗服务）；护理机构服务（不含医疗服务）；信息咨询服务（不含许可类信息咨询服务）；信息技术咨询服务；信息系统集成服务；通讯设备销售；计算机软硬件及辅助设备零售；计算机软硬件及辅助设备批发；软件开发；软件销售；物业管理；劳务服务（不含劳务派遣）；非居住房地产租赁；文化用品设备出租；广告设计、代理；广告发布；组织文化艺术交流活动；人力资源服务（不含职业中介活动、劳务派遣服务）。（除依法须经批准的项目外，凭营业执照依法自主开展经营活动）许可项目：医疗器械互联网信息服务；互联网信息服务；食品销售；广播电视节目制作经营；网络文化经营；第三类医疗器械经营；第二类增值电信业务。（依法须经批准的项目，经相关部门批准后方可开展经营活动，具体经营项目以相关部门批准文件或许可证件为准）（不得从事国家和本市产业政策禁止和限制类项目的经营活动。）,huilanyiliao@zpdchina.com,,中普达科技股份有限公司; 北京天佑明昌科技中心（有限合伙）; 姜陆平; 宁波天佑普达企业管理合伙企业（有限合伙）; 宁波联创数达企业管理合伙企业（有限合伙）; 张曼; 忻震磊; 米学海; 赵辉; 陆骏; 陈晨; 陈D,010-84799123,84799123,025-86884033,010-00000000,,
联医医疗科技（北京）有限公司,91110108MA002T3N4R,42367,232.9万元人民币,78.5万元人民币,存续,港澳台投资,有限责任公司,港澳台投资、非独资,小型企业,1,联医医疗科技（北京）有限公司潍坊分公司,,B轮,小微企业 | 雏鹰企业,谭忠明,110108020454891,MA002T3N4,其他技术推广服务,一般项目：技术服务、技术开发、技术咨询、技术交流、技术转让、技术推广；社会经济咨询服务；企业管理咨询；计算机软硬件及辅助设备批发；技术进出口；计算机软硬件及辅助设备零售；软件开发；计算机系统服务；企业形象策划；广告制作；广告发布；广告设计、代理；组织文化艺术交流活动；机械设备销售；第一类医疗器械生产；第一类医疗器械销售；第一类医疗器械租赁；第二类医疗器械销售；第二类医疗器械租赁；日用百货销售；进出口代理；货物进出口；特种劳动防护用品销售；专业设计服务。（除依法须经批准的项目外，凭营业执照依法自主开展经营活动）许可项目：第二类医疗器械生产；第三类医疗器械经营。（依法须经批准的项目，经相关部门批准后方可开展经营活动，具体经营项目以相关部门批准文件或许可证件为准）（不得从事国家和本市产业政策禁止和限制类项目的经营活动。）,admin@lyncmed.com,,上海云奇网创创业投资中心（有限合伙）; 北京创客共赢投资中心（有限合伙）; 嘉兴真格天域股权投资合伙企业（有限合伙）; 天津康晨瑞信医药集团有限公司; 天津联医之星科技合伙企业（有限合伙）; 宁波梅山保税港区真跃成怡投资管理合伙企业（有限合伙）; 平潭鼎福投资管理有限公司; V林企I有限公司; 春晓东科（武汉）创业投资合伙企业（有限合伙）; 杭州云嘉创业投资合伙企业（有限合伙）; 杭州有汉投资管理有限公司; 王鹏; 苏州银河星际股权投资合伙企业（有限合伙）; 英科医疗科技股份有限公司,010-86468058,13810661680,010-53383789,,,
北京慈诚医疗诊所股份有限公司,91110105590679470U,40939,3000万元人民币,3000万元人民币,存续,股份有限公司,其他股份有限公司,非上市,微型企业,,无分支机构信息,,无投融资信息,无特殊资质,徐天阳,110105014595602,590679470,门诊部（所）,许可项目：医疗服务；第三类医疗器械经营。（依法须经批准的项目，经相关部门批准后方可开展经营活动，具体经营项目以相关部门批准文件或许可证件为准）（不得从事国家和本市产业政策禁止和限制类项目的经营活动。）,841128919@qq.com,,北京德法利投资有限公司; 北京慈诚联英企业管理中心（有限合伙）,010-68731234,13910592581,13811022051,010-84351791,84351791,
北京奇讯医疗科技有限公司,91110105MA0012GY8P,42276,2105.3万元人民币,505万元人民币,存续,有限责任公司,有限责任公司,自然人投资或控股,微型企业,,无分支机构信息,北京市朝阳区北苑路40号10号楼二层301-306,A轮,高新技术企业 | 小微企业,刘红帅,110105019950733,MA0012GY8,其他科技推广服务业,技术开发；技术咨询；技术服务；技术推广；技术转让；会议服务；承办展览展示活动；销售计算机、软件及辅助设备、II类医疗器械；销售Ⅲ类医疗器械。（企业依法自主选择经营项目，开展经营活动；销售Ⅲ类医疗器械以及依法须经批准的项目，经相关部门批准后依批准的内容开展经营活动；不得从事本市产业政策禁止和限制类项目的经营活动。）,460178959@qq.com,,刘红帅; 北京奇讯佳科技中心（有限合伙）; 张新利; 新余市汇东坡投资中心（有限合伙）; 深圳市汇尊律皓投资有限公司,13522055067,010-58475352,01084873268,010-84873268,,
北京迈得诺医疗技术有限公司,91110105696324678X,40115,2000万元人民币,2000万元人民币,存续,有限责任公司,有限责任公司,自然人投资或控股,微型企业,,无分支机构信息,,无投融资信息,小微企业,李培尚,110105012364524,696324678,其他科技推广服务业,一般项目：技术服务、技术开发、技术咨询、技术交流、技术转让、技术推广；第二类医疗器械销售；第二类医疗设备租赁。（除依法须经批准的项目外，凭营业执照依法自主开展经营活动）许可项目：第三类医疗器械经营；第三类医疗设备租赁。（依法须经批准的项目，经相关部门批准后方可开展经营活动，具体经营项目以相关部门批准文件或许可证件为准）（不得从事国家和本市产业政策禁止和限制类项目的经营活动。）,49993889@qq.com,,李培尚; 李岳宸,62053003,13910663003,010-62053003,13167508477,,
北京光华医疗有限公司,91110105MA01CLAE92,43252,1000万元人民币,1000万元人民币,存续,有限责任公司,有限责任公司,法人独资,微型企业,,无分支机构信息,北京市朝阳区建国门外光华路14号1幢1层26,股权融资,小微企业,牟淑云,110105025454053,MA01CLAE9,门诊部（所）,内科医疗服务；销售第Ⅲ类医疗器械；医疗信息咨询（不含诊疗活动）；销售Ⅰ类、Ⅱ类医疗器械；会议及展览服务；出租商业用房。（市场主体依法自主选择经营项目，开展经营活动；内科医疗服务、销售第Ⅲ类医疗器械以及依法须经批准的项目，经相关部门批准后依批准的内容开展经营活动；不得从事国家和本市产业政策禁止和限制类项目的经营活动。）,humanresource@cifco996.com,,北京东方恒祥资产管理有限公司,65807365,010-65807029,,,,
慈信（北京）医疗投资有限公司,91110105MA003R3P0K,42426,1111.1万元人民币,433.8万元人民币,存续,有限责任公司,有限责任公司,自然人投资或控股,,,无分支机构信息,,A轮,高新技术企业 | 小微企业,耿俊强,110105020731517,MA003R3P0,投资与资产管理,项目投资；投资管理；资产管理；企业管理；经济贸易咨询；市场调查；会议服务；承办展览展示活动；设计、制作、代理、发布广告；翻译服务。（'1、未经有关部门批准，不得以公开方式募集资金；2、不得公开开展证券类产品和金融衍生品交易活动；3、不得发放贷款；4、不得对所投资企业以外的其他企业提供担保；5、不得向投资者承诺投资本金不受损失或者承诺最低收益'；市场主体依法自主选择经营项目，开展经营活动；依法须经批准的项目，经相关部门批准后依批准的内容开展经营活动；不得从事国家和本市产业政策禁止和限制类项目的经营活动。）,947126460@qq.com,,俞熔; 慈信合力（天津）医疗咨询合伙企业（有限合伙）; 李妍; 王丹丹; 珠海隆门资本管理有限公司; 秦皇岛高特佳汇佳股权投资基金合伙企业（有限合伙）; 耿俊强; 谭焱; 韩圣群; 韩小红,13910551935,,,,,
和睦家医疗管理咨询（北京）有限公司,91110105769351184F,38321,70万元人民币,70万元人民币,存续,外商投资,有限责任公司,外国法人独资,微型企业,1,和睦家医疗管理咨询（北京）有限公司上海分公司,,无投融资信息,小微企业,吴启楠,110000410225244,769351184,社会经济咨询,医院管理咨询；技术咨询；医院管理技术培训；I、II类医疗器械、机械设备、五金交电、电子产品、服装、日用品、化妆品、针纺织品、塑料制品、家用电器、家具、文具用品、化工产品（不含危险化学品）、体育用品的批发、零售；相关产品的技术咨询、安装、维修和售后服务；仓储服务；货物进出口、代理进出口、技术进出口（涉及配额许可证管理，专项规定管理的商品按照国家有关规定办理）；租赁I、II类医疗器械、建筑工程机械设备、家具；批发食品、保健食品；批发、零售第III类医疗器械。（市场主体依法自主选择经营项目，开展经营活动；批发食品、保健食品；批发、零售第III类医疗器械。以及依法须经批准的项目，经相关部门批准后依批准的内容开展经营活动；不得从事国家和本市产业政策禁止和限制类项目的经营活动。）,liu.xinxin@ufh.com.cn,,和睦家美国医疗公司,59277000,59277279,59277278,59277425,,
北京纯粹医疗诊所有限公司,911101053272772711,42016,3000万元人民币,660万元人民币,存续,有限责任公司,其他有限责任公司,,微型企业,,无分支机构信息,北京市朝阳区东三环北路甲19号205室纯粹医疗,无投融资信息,无特殊资质,俞志华,110105018466537,327277271,门诊部（所）,许可项目：医疗服务；生活美容服务；食品销售。（依法须经批准的项目，经相关部门批准后方可开展经营活动，具体经营项目以相关部门批准文件或许可证件为准）一般项目：技术服务、技术开发、技术咨询、技术交流、技术转让、技术推广；化妆品零售；日用品销售；第一类医疗器械销售；针纺织品销售；化工产品销售（不含许可类化工产品）；第二类医疗器械销售；第一类医疗器械租赁；第二类医疗器械租赁；会议及展览服务。（除依法须经批准的项目外，凭营业执照依法自主开展经营活动）（不得从事国家和本市产业政策禁止和限制类项目的经营活动。）,finance@pureplusclinic.com,,北京悠蓝国际医疗投资管理有限公司; 北京纯粹美美容服务有限公司,010-85958873,52421597,13288888710,15011288710,,
北京缙铖医疗科技有限公司,911101053272832253,42019,2000万元人民币,1560万元人民币,存续,有限责任公司,有限责任公司,自然人投资或控股,微型企业,,无分支机构信息,,无投融资信息,科技型中小企业 | 小微企业,张晋兵,110105018499569,327283225,其他技术推广服务,技术推广服务；软件开发；基础软件服务；应用软件服务（不含医用软件）；产品设计；计算机系统服务；计算机技术培训；医学研究（不含诊疗活动）；投资咨询；财务咨询（不得开展审计、验资、查账、评估、会计咨询、代理记账等需经专项审批的业务，不得出具相应的审计报告、验资报告、查账报告、评估报告等文字材料）；经济贸易咨询；货物进出口、代理进出口、技术进出口；销售工艺品、文具用品、通讯器材、计算机软件及辅助设备、化工产品（不含危险化学品）、机械设备、电子产品、金属材料、仪器仪表、医疗器械II类；承办展览展示活动；会议服务；从事商业经纪业务；广告设计、制作、代理、发布；市场调查；销售第Ⅲ类医疗器械。（企业依法自主选择经营项目，开展经营活动；销售第III类医疗器械以及依法须经批准的项目，经相关部门批准后依批准的内容开展经营活动；不得从事本市产业政策禁止和限制类项目的经营活动。）,id0909@126.com,,冯金旭; 北京缙铖投资管理有限公司; 张晋兵; 赵宇莺,19040070190,010-57198039,010-84463658,13914480088,13347802606,
北京宠爱国际动物医疗机构有限公司,91110105097178808J,41737,651万元人民币,645.6万元人民币,存续,外商投资,有限责任公司,外商投资、非独资,微型企业,,无分支机构信息,,C轮,专精特新 | 专精特新中小企业,李雪,110105017022726,097178808,兽医服务,动物疫病预防、诊疗、治疗和绝育手术（一层部分、二层全部）；销售日用品、Ⅰ类医疗器械；出租商业用房；会议服务；经济贸易咨询；技术推广服务；软件开发；企业管理咨询。（市场主体依法自主选择经营项目，开展经营活动；依法须经批准的项目，经相关部门批准后依批准的内容开展经营活动；不得从事国家和本市产业政策禁止和限制类项目的经营活动。）,shuiwukuaiji@chongaipet.com,,FV Diamond （Hong Kong） Limited; Highlight Biotech Limited; Inspiration Petcare （HK） Limited; 北京丽宫影视文化有限公司; 北京太宠国际企业管理顾问中心（有限合伙）; 北京白泽宠乐企业管理合伙企业（有限合伙）; 北京黛梦德企业管理合伙企业（有限合伙）; 天津普思一号创业投资基金合伙企业（有限合伙）; 快速酉愀塾邢薰司; 李博; 李雪,15810394408,010-87950953,15810029070,,,
北京亿家老小医疗科技有限公司,91110105MA0054PE9F,42485,2500万元人民币,1765万元人民币,存续,有限责任公司,其他有限责任公司,,微型企业,,无分支机构信息,,无投融资信息,高新技术企业 | 小微企业,董小蒙,110105021117905,MA0054PE9,其他科技推广服务业,零售医疗器械Ⅲ类；销售医疗器械I、II类、文具用品、日用品、计算机、软件及辅助设备、机械设备、电子产品、五金交电、针纺织品、服装、鞋帽、首饰、工艺品、乐器、照相器材；承办展览展示活动；租赁医疗器械；技术开发；技术服务；技术咨询；技术转让；组织文化艺术交流活动（不含演出）；企业策划；会议服务；货物进出口、技术进出口、代理进出口。（市场主体依法自主选择经营项目，开展经营活动；零售医疗器械Ⅲ类以及依法须经批准的项目，经相关部门批准后依批准的内容开展经营活动；不得从事国家和本市产业政策禁止和限制类项目的经营活动。）,yujing@360yijia.com,,北京亿家老小集团有限公司; 董小蒙,52408003,52886216,,,,
禾普生医医疗管理有限公司,91110108MA00A4RF7P,42711,5000万元人民币,,存续,有限责任公司,其他有限责任公司,,,,无分支机构信息,,无投融资信息,小微企业,白月梅,110108022573121,MA00A4RF7,其他综合管理服务,医院管理（不含诊疗活动）；企业管理；餐饮管理；酒店管理；技术开发、技术推广、技术转让、技术咨询、技术服务；计算机系统服务；基础软件服务；应用软件服务（不含医用软件）；软件开发；产品设计；教育咨询（中介服务除外）；经济贸易咨询；文化咨询；体育咨询；公共关系服务；会议服务；工艺美术设计；电脑动画设计；企业策划、设计；设计、制作、代理、发布广告；市场调查；组织文化艺术交流活动（不含营业性演出）；文艺创作；承办展览展示活动；影视策划；翻译服务；自然科学研究；工程和技术研究；农业科学研究；医学研究（不含诊疗活动）；数据处理；销售电子产品、I类、II类医疗器械、化工产品（不含危险化学品及一类易制毒化学品）。（市场主体依法自主选择经营项目，开展经营活动；依法须经批准的项目，经相关部门批准后依批准的内容开展经营活动；不得从事国家和本市产业政策禁止和限制类项目的经营活动。）,Caiwu@hpsygroups.com,,上海初我医院管理合伙企业（有限合伙）; 西安普润生医医院管理合伙企业（有限合伙）,010-58621262,15991948379,65143081,58241518,010-58241518,
北京朝阳医药有限公司,91110105101783067Y,34591,150万元人民币,150万元人民币,存续,有限责任公司,其他有限责任公司,,小型企业,,无分支机构信息,北京市朝阳区建国路91号2层,无投融资信息,无特殊资质,李凯,110105002341604,101783067,中药批发,许可项目：药品批发；农药批发；第三类医疗设备租赁；医疗器械互联网信息服务；Ⅱ、Ⅲ类射线装置销售；食品销售；中药饮片代煎服务；消毒器械销售；第三类医疗器械经营；城市配送运输服务（不含危险货物）；药品互联网信息服务；第二类增值电信业务；在线数据处理与交易处理业务（经营类电子商务）。（依法须经批准的项目，经相关部门批准后方可开展经营活动，具体经营项目以相关部门批准文件或许可证件为准）一般项目：低温仓储（不含危险化学品等需许可审批的项目）；第一类医疗器械销售；国内货物运输代理；互联网销售（除销售需要许可的商品）；电子产品销售；会议及展览服务（出国办展须经相关部门审批）；信息咨询服务（不含许可类信息咨询服务）；中医诊所服务（须在中医主管部门备案后方可从事经营活动）；第二类医疗设备租赁；第一类医疗设备租赁；医用口罩批发；医护人员防护用品批发；技术服务、技术开发、技术咨询、技术交流、技术转让、技术推广；特殊医学用途配方食品销售；食品销售（仅销售预包装食品）；保健食品（预包装）销售；婴幼儿配方乳粉及其他婴幼儿配方食品销售；仓储设备租赁服务；普通货物仓储服务（不含危险化学品等需许可审批的项目）；地产中草药（不含中药饮片）购销；中草药收购；消毒剂销售（不含危险化学品）；日用化学产品销售；制冷、空调设备销售；大数据服务；纸制品销售；数据处理和存储支持服务；第二类医疗器械销售；日用百货销售；光学仪器销售；健康咨询服务（不含诊疗服务）；货物进出口；技术进出口；进出口代理；建筑工程用机械销售；金属丝绳及其制品销售；五金产品批发；金属制品销售；金属工具销售；户外用品销售；通讯设备销售；特种劳动防护用品销售。（除依法须经批准的项目外，凭营业执照依法自主开展经营活动）（不得从事国家和本市产业政策禁止和限制类项目的经营活动。）,anjielier@126.com,,北京商务中心区投资管理有限公司; 北京百世堂医药有限公司,87220050,13901004426,87312701,87310308,-,
雅培医疗用品（上海）有限公司北京市朝阳分公司,911101055658310205,40479,,,存续,其他,分公司,,微型企业,,无分支机构信息,,无投融资信息,小微企业,张焱,110000450154024,565831020,其他技术推广服务,医疗器械的技术咨询、技术支持、技术培训和售后服务。（依法须经批准的项目，经相关部门批准后依批准的内容开展经营活动。）,peixiapenny.gao@abbott.com,,,18511737660,13521202426,010-84447118,01084447118,010-84447111,
北京诺春风医疗科技有限公司,91110105MA00844C5C,42611,1060万元人民币,1060万元人民币,存续,有限责任公司,有限责任公司,自然人投资或控股,微型企业,1,北京诺春风医疗科技有限公司山东分公司,北京市朝阳区姚家园路105号国兴观湖1号楼1703,天使轮,小微企业,周锋,110105021984834,MA00844C5,其他科技推广服务业,技术推广服务；经济贸易咨询；计算机系统服务；基础软件服务；应用软件服务（不含医用软件）；公共关系服务；会议服务；企业策划；设计、制作、代理、发布广告；市场调查；企业管理咨询；组织文化艺术交流活动（不含演出）；承办展览展示活动；自然科学研究；工程和技术研究；医学研究（不含诊疗活动）；数据处理（数据处理中的银行卡中心、PUE值在1.5以上的云计算数据中心除外）；销售食用农产品、I、II类医疗器械、化工产品（不含危险化学品）、化妆品；健康管理（须经审批的诊疗活动除外）；健康咨询（须经审批的诊疗活动除外）；销售III类医疗器械；销售食品。（市场主体依法自主选择经营项目，开展经营活动；销售食品、销售第三类医疗器械依法须经批准的项目，经相关部门批准后依批准的内容开展经营活动；不得从事国家和本市产业政策禁止和限制类项目的经营活动。）,80313923@qq.com,,《生命时报》社有限公司; 北京坤盛天华投资有限责任公司; 北京征和惠通基金管理有限公司; 昆仑健康保险股份有限公司; 郝信星,010-65010188,01056104825,01057839597,010-57839560,010-65010188-411,
北京立镁医疗科技有限责任公司,91110102MA7G1P18XX,44566,323万元人民币,63万元人民币,存续,有限责任公司,其他有限责任公司,,微型企业,,无分支机构信息,,A轮,小微企业,安奕成,110102032646189,MA7G1P18X,其他科技推广服务业,一般项目：技术服务、技术开发、技术咨询、技术交流、技术转让、技术推广；机械设备销售；仪器仪表销售；计算机软硬件及辅助设备零售；通讯设备销售；第一类医疗器械销售；第二类医疗器械销售；专业设计服务；社会经济咨询服务；体育赛事策划；会议及展览服务；广告发布；广告设计、代理；广告制作；市场调查（不含涉外调查）；企业管理咨询；组织文化艺术交流活动；文艺创作；翻译服务；自然科学研究和试验发展；工程和技术研究和试验发展；农业科学研究和试验发展；医学研究和试验发展；健康咨询服务（不含诊疗服务）；货物进出口；技术进出口；进出口代理。（除依法须经批准的项目外，凭营业执照依法自主开展经营活动）许可项目：广播电视节目制作经营。（依法须经批准的项目，经相关部门批准后方可开展经营活动，具体经营项目以相关部门批准文件或许可证件为准）（不得从事国家和本市产业政策禁止和限制类项目的经营活动。）,yichengnankai@126.com,,北京星逸医疗科技合伙企业（有限合伙）; 北京镁正医疗科技合伙企业（有限合伙）; 郑楠; 青岛元禾原点数智转化创业投资合伙企业（有限合伙）; 青岛金水缘医疗科技合伙企业（有限合伙）; 青岛金瀛医疗科技有限公司; 黄琪,18844210007,,,,,
瑞佑医疗科技有限公司,91110108MA01E72G7D,43333,5000万元人民币,981万元人民币,存续,有限责任公司,有限责任公司,自然人投资或控股,微型企业,,无分支机构信息,北京市海淀区白家疃尚水园2号楼8层820,无投融资信息,小微企业,陈博洋,110108025869083,MA01E72G7,医学研究和试验发展,一般项目：医学研究和试验发展；技术服务、技术开发、技术咨询、技术交流、技术转让、技术推广；数据处理服务；企业管理咨询；家具销售；机械设备销售；五金产品零售；建筑材料销售；仪器仪表销售；计算机软硬件及辅助设备零售；电子专用设备销售。（除依法须经批准的项目外，凭营业执照依法自主开展经营活动）（不得从事国家和本市产业政策禁止和限制类项目的经营活动。）,13132554249@163.com,,陈利军; 陈博洋,13132554249,010-59718313,17800883772,18511666247,15110188028,
华据医疗评估信息技术（北京）有限公司,91110105082872450X,41582,762.5万元人民币,762.5万元人民币,存续,有限责任公司,其他有限责任公司,,微型企业,,无分支机构信息,北京市朝阳区东朝时代广场东区2号楼,股权融资,科技型中小企业 | 小微企业,陈晖,110101016443529,082872450,其他技术推广服务,医疗评估信息技术服务、数据分析及软件研发；医疗管理评价数据集成；医院管理应用软件研发；医院管理质量评价；医疗管理技术培训；组织医疗技术交流活动；销售计算机、软件及辅助设备；经营电信业务；广播电视节目制作。（市场主体依法自主选择经营项目，开展经营活动；经营电信业务、广播电视节目制作以及依法须经批准的项目，经相关部门批准后依批准的内容开展经营活动；不得从事国家和本市产业政策禁止和限制类项目的经营活动。）,wanglan@chinadata.org.cn,,中天利达风险投资有限公司; 北京中天易利投资咨询有限公司; 北京华据志和医学科技中心（有限合伙）; 北京华据志城医疗科技创新中心（有限合伙）; 孙长森; 嵊州市金越嵊商股权投资基金合伙企业（有限合伙）; 烟台善欣投资合伙企业（有限合伙）; 赛博辰辉（北京）投资咨询有限公司,67704670,010-58698229,58698229,15510621518,,
北京国际医疗中心有限公司,91110105600021198E,34060,5006.9万元人民币,5006.9万元人民币,存续,港澳台投资,有限责任公司,台港澳法人独资,微型企业,,无分支机构信息,北京市朝阳区亮马桥路50号燕莎写字楼首层,并购融资,无特殊资质,王思欧,110000450015078,600021198,门诊部（所）,许可项目：医疗服务；生活美容服务；食品销售。（依法须经批准的项目，经相关部门批准后方可开展经营活动，具体经营项目以相关部门批准文件或许可证件为准）一般项目：健康咨询服务（不含诊疗服务）；技术服务、技术开发、技术咨询、技术交流、技术转让、技术推广；日用品销售；办公用品销售；化妆品零售；第一类医疗器械销售；第二类医疗器械销售；医学研究和试验发展；紧急救援服务。（除依法须经批准的项目外，凭营业执照依法自主开展经营活动）（不得从事国家和本市产业政策禁止和限制类项目的经营活动。）,jiajingwen@imcclinics.com,,思健t服沼邢薰司,01064651561,64622068-8015,84484585,010-84484585,64651561,
北京四惠医疗互联网医院有限公司,91110105MA006T519J,42557,5000万元人民币,,存续,有限责任公司,有限责任公司,自然人投资或控股,中型企业,,无分支机构信息,,无投融资信息,小微企业,黄永长,110105021606771,MA006T519,其他技术推广服务,许可项目：医疗服务；依托实体医院的互联网医院服务；药品批发；药品零售；互联网信息服务；药品互联网信息服务；职业中介活动；出版物零售；出版物互联网销售。（依法须经批准的项目，经相关部门批准后方可开展经营活动，具体经营项目以相关部门批准文件或许可证件为准）一般项目：技术服务、技术开发、技术咨询、技术交流、技术转让、技术推广；健康咨询服务（不含诊疗服务）；医学研究和试验发展；咨询策划服务；文化娱乐经纪人服务；医院管理；广告设计、代理；广告制作；广告发布；远程健康管理服务；第一类医疗器械销售；第二类医疗器械销售；电工仪器仪表销售；日用品销售；化妆品零售；食用农产品零售；软件开发；会议及展览服务（出国办展须经相关部门审批）；食品销售（仅销售预包装食品）；保健食品（预包装）销售；食品互联网销售（仅销售预包装食品）；业务培训（不含教育培训、职业技能培训等需取得许可的培训）。（除依法须经批准的项目外，凭营业执照依法自主开展经营活动）（不得从事国家和本市产业政策禁止和限制类项目的经营活动。）,454808207@qq.com,,溯光奕石（北京）企业管理有限公司; 黄勇伟; 黄婷婷,13810167486,84689463,010-84689581,84689580,84689777,
通用技术集团医疗健康有限公司,91110000MA01LQN851,43677,700000万元人民币,274095.5万元人民币,存续,有限责任公司,其他有限责任公司,,小型企业,,无分支机构信息,北京市丰台区通用时代中心B座12-13层,股权融资,小微企业,张向群,110000027544754,MA01LQN85,社会经济咨询,医院管理及咨询服务；养老机构管理及咨询服务；健康管理及咨询服务；医疗健康产业投资、投资管理、投资咨询；企业管理及咨询；技术开发、技术转让、技术咨询；销售药品、食品、Ι类医疗器械、消杀用品；医疗器械、医疗设备租赁；出租办公用房、出租商业用房；物业管理。（市场主体依法自主选择经营项目，开展经营活动；销售食品、销售药品以及依法须经批准的项目，经相关部门批准后依批准的内容开展经营活动；不得从事国家和本市产业政策禁止和限制类项目的经营活动。）,gtmed@gtmed.com.cn,,中国航空工业集团有限公司; 中国通用技术（集团）控股有限责任公司,81163813,010-58354675,58354675,01084928803,,
北京市朝阳区医疗机构管理中心,12110105795112929U,,,,存续,其他,事业单位,,,,无分支机构信息,北京市朝阳区通惠家园惠生园19号楼,无投融资信息,无特殊资质,白勇涛,,,,统筹管理全区社区卫生服务机构；负责全区社区卫生服务的质量管理、绩效考核、人员培训、运行管理、药品及医用耗材的配送结算管理、信息统计等工作,,,,,,,,,
新世纪医疗科技（北京）有限公司,91110108MA004UU1XG,42478,400万元人民币,400万元人民币,存续,有限责任公司,其他有限责任公司,,小型企业,,无分支机构信息,,无投融资信息,小微企业,贾晓锋,110108021044665,MA004UU1X,其他科技推广服务业,一般项目：技术服务、技术开发、技术咨询、技术交流、技术转让、技术推广；健康咨询服务（不含诊疗服务）；信息系统集成服务；计算机系统服务；数据处理服务；数据处理和存储支持服务；软件开发；市场调查（不含涉外调查）；专业设计服务；会议及展览服务；市场营销策划；咨询策划服务；信息咨询服务（不含许可类信息咨询服务）；企业管理咨询；非居住房地产租赁；广告发布；广告设计、代理；广告制作；日用品销售；化妆品零售；母婴用品销售；第一类医疗器械销售；第二类医疗器械销售；计算机软硬件及辅助设备零售；食品互联网销售（仅销售预包装食品）；保健食品（预包装）销售；婴幼儿配方乳粉及其他婴幼儿配方食品销售；食品销售（仅销售预包装食品）；互联网销售（除销售需要许可的商品）；电子产品销售；玩具销售；家用电器销售；文具用品零售；鞋帽零售；箱包销售；日用杂品销售；个人卫生用品销售；礼品花卉销售；软件销售；日用百货销售；户外用品销售；服装服饰零售；家居用品销售；厨具卫具及日用杂品零售；办公用品销售；日用化学产品销售。（除依法须经批准的项目外，凭营业执照依法自主开展经营活动）（不得从事国家和本市产业政策禁止和限制类项目的经营活动。）,qing.chang@ncich.com.cn,,北京嘉华云众管理咨询有限公司; 珠海云众医疗投资合伙企业（有限合伙）; 贾晓锋,010-85249827,010-57114288,01052894234,010-68061688,51783366,
北京画美医疗美容医院有限公司,91110105759643239U,38042,1500万元人民币,1500万元人民币,存续,有限责任公司,有限责任公司,自然人投资或控股,中型企业,,无分支机构信息,,无投融资信息,无特殊资质,曾柏松,110105006485789,759643239,专科医院,许可项目：医疗服务；医疗美容服务；生活美容服务。（依法须经批准的项目，经相关部门批准后方可开展经营活动，具体经营项目以相关部门批准文件或许可证件为准）一般项目：化妆品零售；停车场服务。（除依法须经批准的项目外，凭营业执照依法自主开展经营活动）（不得从事国家和本市产业政策禁止和限制类项目的经营活动。）,410606247@qq.com,,张玉娇; 曾柏松,010-65069996,65067772,18610602000,13269659333,,
北京领医医疗美容门诊部有限公司,91110105MA00E4EE8Y,42858,1063.8万元人民币,1063.8万元人民币,存续,有限责任公司,其他有限责任公司,,小型企业,,无分支机构信息,北京市朝阳区关东店北街17号2层,无投融资信息,无特殊资质,胡晓丽,110105023395090,MA00E4EE8,门诊部（所）,美容科医疗服务；销售食品；销售化妆品、日用品、I、II类医疗器械、文具用品、电子产品；企业管理咨询；技术开发；会议服务；建筑工程机械与设备租赁。（市场主体依法自主选择经营项目，开展经营活动；销售食品以及依法须经批准的项目，经相关部门批准后依批准的内容开展经营活动；不得从事国家和本市产业政策禁止和限制类项目的经营活动。）,ssm@limmedicaks.com,,张蕾; 浙江领医医美医疗管理服务有限公司; 郭伟,010-65064877,17331661670,18201608300,65067377,65064877,
北京美中宜和医疗管理（集团）有限公司,91110000055580233A,41204,129500.2万元人民币,129500.2万元人民币,存续,港澳台投资,有限责任公司,港澳台投资、非独资,微型企业,,无分支机构信息,,并购融资,小微企业,胡澜,110000015334015,055580233,其他综合管理服务,一般项目：企业管理；企业管理咨询；医院管理；社会经济咨询服务；健康咨询服务（不含诊疗服务）；市场营销策划；企业形象策划；专业设计服务；广告制作；广告设计、代理；组织文化艺术交流活动；图文设计制作；信息咨询服务（不含许可类信息咨询服务）；技术服务、技术开发、技术咨询、技术交流、技术转让、技术推广；工程技术服务（规划管理、勘察、设计、监理除外）；安全咨询服务；日用百货销售；第一类医疗器械销售；第二类医疗器械销售。（除依法须经批准的项目外，凭营业执照依法自主开展经营活动）（不得从事国家和本市产业政策禁止和限制类项目的经营活动。）,office_gp@amcare.com.cn,,XIAOHE HEALTH （HONG KONG） LIMI; 小荷健康科技（北京）有限公司,4001000016,13701210828,010-52346532,52346532,,
北京天助畅运医疗技术股份有限公司,91110105744717434Y,37573,7140万元人民币,7000万元人民币,存续,股份有限公司,股份有限公司,外商投资、未上市,中型企业,,无分支机构信息,,无投融资信息,高新技术企业 | 专精特新 | 专精特新中小企业 | 科技型中小企业 | 瞪羚企业 | 企业技术中心,刘建,110105004974088,744717434,专用设备制造业,一般项目：技术服务、技术开发、技术咨询、技术交流、技术转让、技术推广；技术进出口；货物进出口；第一类医疗器械生产。（除依法须经批准的项目外，凭营业执照依法自主开展经营活动）许可项目：第二类医疗器械生产；第三类医疗器械生产。（依法须经批准的项目，经相关部门批准后方可开展经营活动，具体经营项目以相关部门批准文件或许可证件为准）（不得从事国家和本市产业政策禁止和限制类项目的经营活动。）,zhujinshan@temedical.com,,任福来; 刘建; 刘旗; 北京同创共享医疗股权投资基金合伙企业（有限合伙）; 华新; 孔繁智; 孟凯; 宁波畅运同赢企业管理合伙企业（有限合伙）; 曹锟; 翟向国; 贡立军; 邓平华; 郑志国; 郝英俊; 郭伟; 陈国强; 陈艳华; 马进; 黄锦绣,010-60575299,51265628-820,010-51265628-820,59771870,010-53916782,
优艺国际医疗科技服务（北京）有限公司,91110101764203828R,38181,21209.2万元人民币,21209.2万元人民币,存续,外商投资,有限责任公司,外国法人独资,微型企业,7,"优艺国际环保科技（北京）有限公司沈阳分公司
 优艺国际环保科技（北京）有限公司沈阳办事处
 优艺国际医疗科技服务（北京）有限公司渭南分公司
优艺国际环保科技（北京）有限公司丹东分公司
 优艺国际环保科技（北京）有限公司鞍山分公司
",,无投融资信息,小微企业,刘玉杰,110000410206678,764203828,其他技术推广服务,研究、开发环境污染治理及监测技术；提供技术服务、技术咨询、技术培训、技术推广、技术开发、技术转让；销售自行开发的产品；货物进出口、技术进出口、代理进出口（涉及配额许可管理，专项规定管理的商品按照国家有关规定办理）；租赁I类、II类医疗器械；零售、批发日用品、文具用品、I类、II类医疗器械；企业管理咨询；道路货物运输（限分支机构经营）；医疗废物的收集、贮存、处理和处置（限分支机构经营）。（市场主体依法自主选择经营项目，开展经营活动；以及依法须经批准的项目，经相关部门批准后依批准的内容开展经营活动；不得从事国家和本市产业政策禁止和限制类项目的经营活动。）,mary.ma@ueenviro.com,,优艺国际环保科技有限公司,01065188613,65188613,010-65188613,,,
中钰医疗控股（北京）股份有限公司,91110108759603966R,38055,20776万元人民币,20776万元人民币,存续,股份有限公司,股份有限公司,非上市、自然人投资或控股,微型企业,,无分支机构信息,,无投融资信息,小微企业,邓曙旺,110108006720621,759603966,投资与资产管理,资产管理；医学研究与试验发展；医疗器械租赁；医疗设备租赁；销售电子产品；技术开发、技术推广、技术转让、技术咨询、技术服务；计算机系统服务；数据处理（数据处理中的银行卡中心、PUE值在1.5以上的云计算数据中心除外）；软件开发；经济贸易咨询；货物进出口、代理进出口、技术进出口；市场调查；互联网信息服务。（'1、未经有关部门批准，不得以公开方式募集资金；2、不得公开开展证券类产品和金融衍生品交易活动；3、不得发放贷款；4、不得对所投资企业以外的其他企业提供担保；5、不得向投资者承诺投资本金不受损失或者承诺最低收益'；市场主体依法自主选择经营项目，开展经营活动；互联网信息服务以及依法须经批准的项目，经相关部门批准后依批准的内容开展经营活动；不得从事国家和本市产业政策禁止和限制类项目的经营活动。）,info@cgcapital.com.cn,,中钰资本管理（北京）有限公司; 共青城奎木知得投资管理合伙企业（有限合伙）; 张友敏; 禹勃,01058793988,82899647,82780307,010-59772610,010-58793988,
北京西格立医疗器材有限公司朝阳分公司,91110105781706988K,38638,,,存续,有限责任公司,有限责任公司分公司,自然人投资或控股,,,无分支机构信息,,无投融资信息,小微企业,马晓琴,110105008970382,781706988,其他科技推广服务业,技术咨询、转让、服务；软件开发；销售I、II类医疗器械、服装、计算机软件；承办展览展示活动；销售III类医疗器械；销售第三类医疗器械。（市场主体依法自主选择经营项目，开展经营活动；销售第三类医疗器械以及依法须经批准的项目，经相关部门批准后依批准的内容开展经营活动；不得从事国家和本市产业政策禁止和限制类项目的经营活动。）,xiaoqinma@handali.sina.net,,,85896031,010-85896031,,,,
北京骨卫士医疗科技集团有限公司,91110105MA004AR32D,42452,6578.1万元人民币,6578.1万元人民币,存续,有限责任公司,其他有限责任公司,,微型企业,,无分支机构信息,北京市朝阳区霄云里南街9号院5号楼12层,A轮,高新技术企业 | 小微企业,顾安生,110105020886988,MA004AR32,其他技术推广服务,技术开发、技术咨询、技术服务；企业管理；医院管理（不含诊疗活动）；会议服务；计算机技术培训（不得面向全国招生）。（市场主体依法自主选择经营项目，开展经营活动；依法须经批准的项目，经相关部门批准后依批准的内容开展经营活动；不得从事国家和本市产业政策禁止和限制类项目的经营活动。）,liurn@orthoguard.cn,,上海达贺股权投资中心（有限合伙）; 于菁; 北京众创谷股权投资中心（有限合伙）; 北京初华医疗科技中心（有限合伙）; 北京华初旭医疗科技中心（有限合伙）; 北京华庚医疗科技中心（有限合伙）; 北京华瑞世纪医疗企业管理有限公司; 华瑞世纪控股集团有限公司; 天津中贺管理咨询有限公司; 广州达泰医凯产业投资基金合伙企业（有限合伙）; 海松企业管理有限公司; 湖州微医股权投资合伙企业（有限合伙）; 苏州源致创业投资合伙企业（有限合伙）; 苏州远毅博源创业投资合伙企业（有限合伙）; 苏州远毅睿恒股权投资合伙企业（有限合伙）,65861010,010-5861010,010-65861010,01065861010,,
北京弘慈医疗投资管理有限公司,911101010613209139,41283,100291.9万元人民币,100291.9万元人民币,存续,有限责任公司,其他有限责任公司,,微型企业,,无分支机构信息,,A轮,小微企业,林杨林,110101015533935,061320913,投资与资产管理,项目投资；投资管理；经济信息咨询；企业管理；出租商业用房；会议服务。（'1、未经有关部门批准，不得以公开方式募集资金；2、不得公开开展证券类产品和金融衍生品交易活动；3、不得发放贷款；4、不得对所投资企业以外的其他企业提供担保；5、不得向投资者承诺投资本金不受损失或者承诺最低收益'；市场主体依法自主选择经营项目，开展经营活动；依法须经批准的项目，经相关部门批准后依批准的内容开展经营活动；不得从事国家和本市产业政策禁止和限制类项目的经营活动。）,gaoxinyu@njhgroup.cn,,北京新里程医院管理有限公司; 新里程（天津）健康产业投资中心（有限合伙）,010-87926898,010-85079011,18911690001,13021232258,01087926898,
北京爱颜医疗美容诊所有限公司,911101053397080246,42111,1000万元人民币,476万元人民币,存续,有限责任公司,有限责任公司,自然人投资或控股,微型企业,,无分支机构信息,,无投融资信息,无特殊资质,肖映昕,110105018943356,339708024,门诊部（所）,许可项目：医疗美容服务；生活美容服务。（依法须经批准的项目，经相关部门批准后方可开展经营活动，具体经营项目以相关部门批准文件或许可证件为准）一般项目：技术服务、技术开发、技术咨询、技术交流、技术转让、技术推广；社会经济咨询服务；信息咨询服务（不含许可类信息咨询服务）；市场调查（不含涉外调查）；市场营销策划；咨询策划服务；企业管理咨询；企业管理；会议及展览服务；组织文化艺术交流活动；第一类医疗器械销售；第二类医疗器械销售；医护人员防护用品零售；仪器仪表销售；化妆品零售；卫生用品和一次性使用医疗用品销售；日用品销售；第二类医疗设备租赁。（除依法须经批准的项目外，凭营业执照依法自主开展经营活动）（不得从事国家和本市产业政策禁止和限制类项目的经营活动。）,425368063@qq.com,,张海林; 肖映昕,59002615,,,,,
北京美莱医疗美容医院有限公司,911101050536245970,41151,30000万元人民币,,存续,有限责任公司,其他有限责任公司,,,,无分支机构信息,北京市朝阳区朝外大街227号,无投融资信息,无特殊资质,张震山,110105015215282,053624597,专科医院,美容服务；麻醉科医疗服务、影像科医疗服务、美容科医疗服务、检验科医疗服务；销售化妆品、I类医疗器械；发布广告；健康咨询（须经审批的诊疗活动除外）；健康管理（须经审批的诊疗活动除外）；会议服务。（市场主体依法自主选择经营项目，开展经营活动；美容服务、麻醉科医疗服务、影像科医疗服务、美容科医疗服务、检验科医疗服务依法须经批准的项目，经相关部门批准后依批准的内容开展经营活动；不得从事国家和本市产业政策禁止和限制类项目的经营活动。）,13666936693@139.com,,上海美莱投资管理有限公司; 厦门华医馆投资有限公司,01056935526,18001391739,56935526,010-56935526,,
美和医疗控股有限公司,91110105MA0016N56N,42290,10000万元人民币,5200万元人民币,存续,外商投资,有限责任公司,外商投资企业与内资合资,,,无分支机构信息,,无投融资信息,小微企业,于刚,110105019980578,MA0016N56,投资与资产管理,项目投资；投资管理；资产管理；投资咨询；经济贸易咨询；教育咨询（不含出国留学咨询及中介服务）；健康咨询（须经审批的诊疗活动除外）；房地产信息咨询；会议服务；应用软件服务（不含医用软件）；基础软件服务；计算机系统服务；计算机技术培训（不得在全国范围内招生）；技术开发、技术服务、技术转让、技术咨询、技术推广；销售电子产品、计算机软件及辅助设备、通讯设备、医疗器械（Ⅰ类）。（'1、未经有关部门批准，不得以公开方式募集资金；2、不得公开开展证券类产品和金融衍生品交易活动；3、不得发放贷款；4、不得对所投资企业以外的其他企业提供担保；5、不得向投资者承诺投资本金不受损失或者承诺最低收益'；依法须经批准的项目，经相关部门批准后依批准的内容开展经营活动。）,hr@medical-hope.ort,,上海济诺医院投资管理有限公司; 北京三友联创投资管理中心（有限合伙）; 无锡沂景股权投资合伙企业（有限合伙）,18601253557,52723701,18610441199,,,
共同医疗科技（北京）有限公司,91110105318279486F,41961,1000万元人民币,1000万元人民币,存续,有限责任公司,有限责任公司,自然人投资或控股,微型企业,,无分支机构信息,北京市朝阳区安立路28号院3号楼1层商业101内02,无投融资信息,小微企业,张涛,110105018170767,318279486,其他技术推广服务,技术开发、技术服务、技术咨询、技术转让；经济贸易咨询；投资咨询；投资管理；销售化工产品（不含危险化学品）、针纺织品、日用品、文具用品、机械设备、电子产品、体育用品、计算机、软件及辅助设备、仪器仪表、I类医疗器械、II类医疗器械；软件开发；会议服务；租赁医疗器械、体育用品；货物进出口、技术进出口、代理进出口；销售第III类医疗器械。（市场主体依法自主选择经营项目，开展经营活动；销售第III类医疗器械以及依法须经批准的项目，经相关部门批准后依批准的内容开展经营活动；不得从事国家和本市产业政策禁止和限制类项目的经营活动。）,zhangtao@gtmedi.com,,张涛; 李明,010-65302988,010-65398597,65398597,,,
艾斯由医疗器械（北京）有限公司,91110105666905025E,39352,26250万元人民币,26250万元人民币,存续,外商投资,有限责任公司,外国法人独资,微型企业,,无分支机构信息,,无投融资信息,小微企业,布莱恩・迈克尔・邦内尔（BRIAN MICHAEL BONNELL）,110000450025694,666905025,医疗用品及器材批发,批发、佣金代理（拍卖除外）、进出口II类、III类（注射穿刺器械，医用电子仪器设备，体外循环及血液处理设备，手术室、急救室、诊疗室设备及器具，医用高分子材料及制品，介入器材）医疗器械，以及用于此类器械的备件、部件和材料；上述商品的仓储、安装、维护和技术培训；商务咨询服务。（市场主体依法自主选择经营项目，开展经营活动；依法须经批准的项目，经相关部门批准后依批准的内容开展经营活动；不得从事国家和本市产业政策禁止和限制类项目的经营活动。）,able.yin@icumed.com,,ICU Medical Group Limited,010-56320888,010-56320803,,,,
泓华国际医疗控股有限公司,91110105067257943J,41402,6087.2万元人民币,6087.2万元人民币,存续,有限责任公司,其他有限责任公司,,微型企业,,无分支机构信息,北京市朝阳区北辰东路8号5号楼B19,无投融资信息,小微企业,徐怀焱,110105015874219,067257943,投资与资产管理,投资管理；资产管理；项目投资；投资咨询；经济贸易咨询；教育咨询（不含出国留学咨询及中介服务）；组织文化艺术交流活动；销售Ⅰ类医疗器械；企业管理；技术推广服务；健康咨询（须经审批的诊疗活动除外）；医学研究（不含诊疗活动）。（'1、未经有关部门批准，不得以公开方式募集资金；2、不得公开开展证券类产品和金融衍生品交易活动；3、不得发放贷款；4、不得对所投资企业以外的其他企业提供担保；5、不得向投资者承诺投资本金不受损失或者承诺最低收益'；市场主体依法自主选择经营项目，开展经营活动；依法须经批准的项目，经相关部门批准后依批准的内容开展经营活动；不得从事国家和本市产业政策禁止和限制类项目的经营活动。）,chang.liu@oasismedical.cn,,北京共享健康产业投资中心（有限合伙）; 北京弘润添福投资咨询中心（有限合伙）; 北京泓华汇宝投资管理中心（有限合伙）; 北京泓华汇德投资管理中心（有限合伙）; 北京金弘润投资顾问有限公司; 张广平,010-84981827,84981827,010-84971837,010-84981837,010-84981819,
国药医疗健康产业有限公司,911100003398171594,42121,170000万元人民币,170000万元人民币,存续,有限责任公司,有限责任公司,法人独资,小型企业,1,国药医疗健康产业有限公司供应链管理分公司,,无投融资信息,小微企业,孙建,110000019008134,339817159,其他组织管理服务,一般项目：医院管理；物业管理；工程管理服务；以自有资金从事投资活动；企业管理；自有资金投资的资产管理服务；企业管理咨询；第一类医疗器械销售；第二类医疗器械销售；机械设备租赁；技术服务、技术开发、技术咨询、技术交流、技术转让、技术推广；软件开发；货物进出口；技术进出口；进出口代理。（除依法须经批准的项目外，凭营业执照依法自主开展经营活动）许可项目：第三类医疗器械经营；药品批发。（依法须经批准的项目，经相关部门批准后方可开展经营活动，具体经营项目以相关部门批准文件或许可证件为准）（不得从事国家和本市产业政策禁止和限制类项目的经营活动。）,maziyu@sinopharm.com,,中国国际医药卫生有限公司,01084669157,010-84663875,84663905,010-84663698,01084663698,
北京爱康云医疗科技有限公司,91110105MA019178X8,43062,9300万元人民币,8505.4万元人民币,存续,有限责任公司,其他有限责任公司,,微型企业,2,"北京爱康云医疗科技有限公司湖北分公司
北京爱康云医疗科技有限公司西安分公司",,股权融资,小微企业,王少华,110105024498971,MA019178X,其他科技推广服务业,一般项目：技术服务、技术开发、技术咨询、技术交流、技术转让、技术推广；非居住房地产租赁；健康咨询服务（不含诊疗服务）；医学研究和试验发展；企业管理咨询；广告设计、代理；广告制作；广告发布；第一类医疗器械销售；针纺织品及原料销售；日用品批发；电工仪器仪表销售；厨具卫具及日用杂品批发；文具用品批发；化妆品批发；电子产品销售；玩具销售；服装辅料销售；服装服饰批发；鞋帽批发；卫生用品和一次性使用医疗用品销售；个人卫生用品销售；计算机软硬件及辅助设备批发；货物进出口；技术进出口；进出口代理；食品销售（仅销售预包装食品）；保健食品（预包装）销售；第二类医疗器械销售；远程健康管理服务；母婴用品销售；仪器仪表销售；体育用品及器材零售；特殊医学用途配方食品销售；婴幼儿配方乳粉及其他婴幼儿配方食品销售；酒店管理；信息咨询服务（不含许可类信息咨询服务）；会议及展览服务；健身休闲活动。（除依法须经批准的项目外，凭营业执照依法自主开展经营活动）许可项目：广播电视节目制作经营；互联网信息服务；网络文化经营；第二类增值电信业务；食品销售；住宿服务；餐饮服务；酒类经营；烟草制品零售。（依法须经批准的项目，经相关部门批准后方可开展经营活动，具体经营项目以相关部门批准文件或许可证件为准）（不得从事国家和本市产业政策禁止和限制类项目的经营活动。）,584113114@qq.com,,武汉爱康鼎晖健康管理合伙企业（有限合伙）; 王东; 黄石市爱康医院有限责任公司,010-62081489,62081488,010-62081488,62080264,,
华耀鼎欣（北京）医疗科技发展有限公司,91110112MA01F2LRXD,43388,1100万元人民币,,存续,有限责任公司,其他有限责任公司,,微型企业,,无分支机构信息,,无投融资信息,高新技术企业 | 小微企业,刘晓燕,110112026100462,MA01F2LRX,其他科技推广服务业,技术推广、技术开发、技术咨询、技术服务；软件开发；维修医疗器械；健康咨询（须经审批的诊疗活动除外）；医院管理（不含诊疗活动）；软件开发；企业策划；企业形象设计；租赁医疗器械；组织文化艺术交流活动；承办展览展示；销售服装鞋帽、针纺织品、五金交电（不含电动自行车）、建筑材料、化工产品（不含危险化学品）、机械设备、电子产品、文化用品、化妆品、日用品、工艺品（不含文物）、计算机软件及辅助设备、仪器仪表；经济贸易咨询；会议服务；设计、制作、代理、发布广告；道路货运代理；仓储服务（仅限通用仓储、谷物仓储、低温仓储、棉花仓储、其他农产品仓储、中药材仓储）；企业管理咨询；建筑物清洁服务；汽车租赁（不含九座以上客车）；专业承包；城市园林绿化；物业管理；批发第一类医疗器械；销售第二类医疗器械；销售第三类医疗器械。（企业依法自主选择经营项目，开展经营活动；销售第三类医疗器械以及依法须经批准的项目，经相关部门批准后依批准的内容开展经营活动；不得从事本区产业政策禁止和限制类项目的经营活动。）,125383668@qq.com,,北京御冠征杰科技发展有限公司; 苏州优联智维科技有限公司,13811744662,15192503979,13683330977,01057733666,,
科愈医疗科技（北京）有限公司,91110108MAD99XF70M,45287,1000万元人民币,700万元人民币,存续,有限责任公司,其他有限责任公司,,微型企业,,无分支机构信息,,无投融资信息,小微企业,张伟,110108037946564,MAD99XF70,其他科技推广服务业,一般项目：技术服务、技术开发、技术咨询、技术交流、技术转让、技术推广；第一类医疗器械销售；第二类医疗器械销售；卫生用品和一次性使用医疗用品销售；消毒剂销售（不含危险化学品）；食品销售（仅销售预包装食品）；保健食品（预包装）销售；特殊医学用途配方食品销售；化妆品零售；化妆品批发；互联网销售（除销售需要许可的商品）；信息咨询服务（不含许可类信息咨询服务）；市场调查（不含涉外调查）；医学研究和试验发展；会议及展览服务；货物进出口。（除依法须经批准的项目外，凭营业执照依法自主开展经营活动）许可项目：第三类医疗器械经营；医疗器械互联网信息服务；药品互联网信息服务。（依法须经批准的项目，经相关部门批准后方可开展经营活动，具体经营项目以相关部门批准文件或许可证件为准）（不得从事国家和本市产业政策禁止和限制类项目的经营活动。）,yli_sciheal@163.com,,惠州华阳医疗器械有限公司; 速愈（北京）科技中心（有限合伙）,010-53821806,,,,,
壹舟健康医疗科技（北京）有限公司,9111010556043478X9,40632,4000万元人民币,1348万元人民币,存续,港澳台投资,有限责任公司,台港澳法人独资,微型企业,,无分支机构信息,,无投融资信息,小微企业,庄君,110000450169227,56043478X,其他科技推广服务业,一般项目：技术服务、技术开发、技术咨询、技术交流、技术转让、技术推广；软件开发；计算机系统服务；数据处理服务；电子产品销售；母婴用品销售；日用杂品销售；销售代理；食品销售（仅销售预包装食品）；保健食品（预包装）销售；食品互联网销售（仅销售预包装食品）；医护人员防护用品零售；医护人员防护用品批发；体育用品及器材零售；体育用品及器材批发；通信设备销售；服装服饰批发；服装服饰零售；互联网销售（除销售需要许可的商品）；化妆品零售；化妆品批发；健康咨询服务（不含诊疗服务）；机械设备销售；日用品批发；日用品销售；计算机软硬件及辅助设备批发；计算机软硬件及辅助设备零售；第一类医疗器械销售；第二类医疗器械销售；体育健康服务；护理机构服务（不含医疗服务）；医院管理；远程健康管理服务；养生保健服务（非医疗）；组织文化艺术交流活动；体育中介代理服务；组织体育表演活动；体育经纪人服务；货物进出口；技术进出口；进出口代理；食品进出口；广告制作；广告发布；广告设计、代理；会议及展览服务；摄像及视频制作服务；社会经济咨询服务；贸易经纪；婴幼儿配方乳粉及其他婴幼儿配方食品销售；特殊医学用途配方食品销售。（除依法须经批准的项目外，凭营业执照依法自主开展经营活动）许可项目：消毒器械销售；药品进出口；食品互联网销售；生活美容服务。（依法须经批准的项目，经相关部门批准后方可开展经营活动，具体经营项目以相关部门批准文件或许可证件为准）（不得从事国家和本市产业政策禁止和限制类项目的经营活动。）,christina@chinaecare.com,,恒宇t科技（香港）有限公司,13190191919,58679377,010-85715787,01085715787,010-85711277,
塑研（北京）医疗美容诊所有限公司,91110105MA01EXG49A,43373,500万元人民币,500万元人民币,存续,有限责任公司,其他有限责任公司,,微型企业,,无分支机构信息,,无投融资信息,无特殊资质,徐嘉宁,110105026064731,MA01EXG49,门诊部（所）,许可项目：医疗美容服务；生活美容服务。（依法须经批准的项目，经相关部门批准后方可开展经营活动，具体经营项目以相关部门批准文件或许可证件为准）一般项目：护理机构服务（不含医疗服务）。（除依法须经批准的项目外，凭营业执照依法自主开展经营活动）（不得从事国家和本市产业政策禁止和限制类项目的经营活动。）,suyan20191026@163.com,,东台同正企业管理合伙企业（有限合伙）; 北京塑研创展科技有限公司,15910921290,13501093137,01087746411,19528882857,,
中民卫康（北京）医疗科技集团有限公司,91110105MA001HN72U,42304,5000万元人民币,117.7万元人民币,存续,有限责任公司,有限责任公司,自然人投资或控股,微型企业,,无分支机构信息,,无投融资信息,小微企业,郑一挺,110105020095510,MA001HN72,其他技术推广服务,一般项目：技术服务、技术开发、技术咨询、技术交流、技术转让、技术推广；货物进出口；技术进出口；进出口代理；第一类医疗器械销售；第二类医疗器械销售；医院管理；企业管理咨询；企业管理；企业形象策划；软件开发；市场营销策划；项目策划与公关服务；养生保健服务（非医疗）；会议及展览服务；广告制作；广告发布；广告设计、代理；计算机系统服务；酒店管理；农副产品销售；食用农产品初加工。（除依法须经批准的项目外，凭营业执照依法自主开展经营活动）许可项目：第三类医疗器械经营。（依法须经批准的项目，经相关部门批准后方可开展经营活动，具体经营项目以相关部门批准文件或许可证件为准）（不得从事国家和本市产业政策禁止和限制类项目的经营活动。）,kjjkgyjj@163.com,,张晨; 蔡军; 郑一挺; 郑琛,010-85781560,85781560-802,18910131856,,,
北京悦通医疗器械有限责任公司,911101021013568587,34690,1200万元人民币,1200万元人民币,存续,有限责任公司,有限责任公司,法人独资,微型企业,,无分支机构信息,,无投融资信息,小微企业,周春兰,110102000690689,101356858,医疗用品及器材批发,一般项目：第一类医疗器械销售；第二类医疗器械销售；第一类医疗器械生产；技术服务、技术开发、技术咨询、技术交流、技术转让、技术推广；货物进出口；技术进出口；进出口代理；计算机软硬件及辅助设备批发；软件开发。（除依法须经批准的项目外，凭营业执照依法自主开展经营活动）许可项目：第二类医疗器械生产；第三类医疗器械生产；第三类医疗器械经营。（依法须经批准的项目，经相关部门批准后方可开展经营活动，具体经营项目以相关部门批准文件或许可证件为准）（不得从事国家和本市产业政策禁止和限制类项目的经营活动。）,zhangjinxiu@linhwa.com,,苏州林华医疗器械股份有限公司,010-89580587,68366709,68366716,15010622687,,
联合丽格（北京）医疗美容投资连锁集团股份有限公司,91110105057398590E,41214,31560万元人民币,31560万元人民币,存续,股份有限公司,其他股份有限公司,非上市,小型企业,,无分支机构信息,,D轮及以后,小微企业,李斌,110105015341608,057398590,投资与资产管理,一般项目：以自有资金从事投资活动；创业投资（限投资未上市企业）；第一类医疗器械销售；第一类医疗器械租赁；第二类医疗器械销售；第二类医疗器械租赁；市场调查（不含涉外调查）；企业管理咨询；企业管理；社会经济咨询服务；技术服务、技术开发、技术咨询、技术交流、技术转让、技术推广；专业设计服务；广告设计、代理；广告发布；会议及展览服务；化妆品批发；化妆品零售；服装服饰零售；针纺织品销售；日用品销售；技术进出口；进出口代理；货物进出口。（除依法须经批准的项目外，凭营业执照依法自主开展经营活动）许可项目：第三类医疗器械经营；第三类医疗器械租赁；出版物零售。（依法须经批准的项目，经相关部门批准后方可开展经营活动，具体经营项目以相关部门批准文件或许可证件为准）（不得从事国家和本市产业政策禁止和限制类项目的经营活动。）,584895555@qq.com,,上海合圣企业管理服务中心（有限合伙）; 北京信德金石投资中心（有限合伙; 北京康丽联十企业管理服务中心（有限合伙）; 北京康联丽十企业管理服务中心（有限合伙）; 北京新氧万维科技咨询有限公司; 安吉恭赢股权投资合伙企业（有限合伙）; 康十医疗投资有限公司; 新芒（成都）股权投资基金合伙企业（有限合伙）; 海南三亚达晨投资有限公司; 深圳市财智创赢私募股权投资企业（有限合伙）; 深圳市达晨创鸿私募股权投资企业（有限合伙）; 珠海横琴招鑫一号创业投资合伙企业（有限合伙）; 芒果次元（珠海）股权投资基金（有限合伙）; 芜湖远川恒绣投资管理中心（有限合伙）; 芜湖远翔天旭投资管理中心（有限合伙）; 芜湖远通臻辉投资管理中心（有限合伙）; 重庆金浦医疗健康服务产业股权投资基金合伙企业（有限合伙）,16601107775,65066565,18600069117,010-65066565,,
北京华韩医疗美容医院有限公司,91110105764228646P,38161,200万元人民币,200万元人民币,存续,有限责任公司,有限责任公司,法人独资,中型企业,,无分支机构信息,,无投融资信息,无特殊资质,魏媛媛,110105007081599,764228646,专科医院,医疗美容科；美容外科；美容牙科；美容皮肤科；美容中医科；麻醉科；医学检验科；医学影像科；理发及美容服务；销售化妆品。（企业依法自主选择经营项目，开展经营活动；依法须经批准的项目，经相关部门批准后依批准的内容开展经营活动；不得从事本市产业政策禁止和限制类项目的经营活动。）,734335031@qq.com,,华韩医疗科学技术股份有限公司,67337777,87796632,67338888,13520614768,13691235391,
北京医华移动医疗科技有限公司,91110106MA005ALD1E,42496,5000万元人民币,4035万元人民币,存续,有限责任公司,其他有限责任公司,,微型企业,,无分支机构信息,,无投融资信息,高新技术企业 | 科技型中小企业 | 小微企业,孙家权,110106021173319,MA005ALD1,其他科技推广服务业,一般项目：技术服务、技术开发、技术咨询、技术交流、技术转让、技术推广；工业控制计算机及系统销售；软件开发；人工智能基础软件开发；人工智能应用软件开发；广告发布；医学研究和试验发展；数据处理和存储支持服务；社会经济咨询服务；健康咨询服务（不含诊疗服务）；数据处理服务；会议及展览服务；移动终端设备销售；计算机软硬件及辅助设备零售；计算机系统服务；软件销售；人工智能理论与算法软件开发；信息系统集成服务；物联网设备销售。（除依法须经批准的项目外，凭营业执照依法自主开展经营活动）许可项目：基础电信业务；互联网信息服务；在线数据处理与交易处理业务（经营类电子商务）；第二类增值电信业务；食品销售。（依法须经批准的项目，经相关部门批准后方可开展经营活动，具体经营项目以相关部门批准文件或许可证件为准）（不得从事国家和本市产业政策禁止和限制类项目的经营活动。）,171850881@qq.com,,张凤兰; 李敏; 江苏恩华药业股份有限公司; 王秀萍; 连欣,18810874865,65661257,010-65661257,010-65669767,01065661257,
北京市朝阳区医疗保障局,11110105MB1865700E,,,,存续,其他,机关,,,,无分支机构信息,北京市朝阳区曙光西里甲1号,无投融资信息,无特殊资质,,,,,,,,,,,,,,
惠每医疗管理咨询（北京）有限公司,91110105329597017M,42095,9100万元人民币,9100万元人民币,存续,港澳台投资,有限责任公司,台港澳法人独资,微型企业,,无分支机构信息,,无投融资信息,小微企业,陶宇,110000450283449,329597017,其他专业咨询与调查,医疗管理咨询；企业管理咨询；经济信息咨询；商务咨询；计算机技术服务、技术培训；会议服务；组织文化艺术交流活动（演出除外）。（市场主体依法自主选择经营项目，开展经营活动；依法须经批准的项目，经相关部门批准后依批准的内容开展经营活动；不得从事国家和本市产业政策禁止和限制类项目的经营活动。）,hr@huimeihealth.com,,惠每t健康管理有限公司,01056225855,15810037086,56225855,101-56225855,010-56225855,
首都医科大学附属北京朝阳医院,121100004006863122,,,,存续,其他,事业单位,,,,无分支机构信息,北京市朝阳区工人体育场南路8号,无投融资信息,无特殊资质,纪智礼,,,,为人民身体健康提供医疗与护理保健服务。预防保健科、全科医疗科、内科、外科、妇产科、妇女保健科、儿科、儿童保健科、眼科、耳鼻咽喉科、口腔科、皮肤科、医疗美容科精神科肿瘤科急诊医疗康复医学科麻醉科检验科病理科医学影像科中医科诊疗与护理医科大学生临床教学成人医科学历教育临床教学、临床实习医学博士生培养医学硕士生培养医学研究卫生医疗人员培训卫生技术人员继续教育保健与健康教育内科学呼吸专业疾病预防、医疗和科研工作。,,,,,,,,,1065070201
北京米兰柏羽丽都医疗美容医院有限公司,91110105562115088W,40430,4028.4万元人民币,,存续,有限责任公司,有限责任公司,法人独资,中型企业,,无分支机构信息,北京朝阳区慧忠里103号D座,无投融资信息,无特殊资质,杨谨睿,110105013207283,562115088,专科医院,美容科医疗服务。（市场主体依法自主选择经营项目，开展经营活动；美容科医疗服务依法须经批准的项目，经相关部门批准后依批准的内容开展经营活动；不得从事国家和本市产业政策禁止和限制类项目的经营活动。）,529601733@qq.com,,北京朗姿医疗管理有限公司,010-58396903,58396903,58396929,01058396903,,
国药集团医疗管理有限公司,91110113MA01AQ1Y8C,43172,20000万元人民币,20000万元人民币,存续,有限责任公司,其他有限责任公司,,微型企业,,无分支机构信息,,无投融资信息,无特殊资质,孔令杰,110113024945268,MA01AQ1Y8,其他综合管理服务,一般项目：医院管理；第二类医疗器械销售；第一类医疗设备租赁；第一类医疗器械销售；化妆品批发；计算机软硬件及辅助设备批发；电子产品销售；会议及展览服务；货物进出口；技术进出口；技术服务、技术开发、技术咨询、技术交流、技术转让、技术推广；健康咨询服务（不含诊疗服务）；机械设备销售；教育咨询服务（不含涉许可审批的教育培训活动）；信息咨询服务（不含许可类信息咨询服务）；市场营销策划；企业管理；日用品销售；消毒剂销售（不含危险化学品）；汽车销售；五金产品批发；玻璃仪器销售；物业管理；办公用品销售；电气设备销售；包装服务；电子元器件与机电组件设备销售；服装服饰批发；广告发布；广告设计、代理；广告制作；化工产品销售（不含许可类化工产品）；机械设备租赁；电子、机械设备维护（不含特种设备）；计算机及通讯设备租赁；计算机系统服务；皮革制品销售；家用电器销售；金属制品销售；普通货物仓储服务（不含危险化学品等需许可审批的项目）；软件开发；软件销售；食品添加剂销售；通用设备修理；润滑油销售；塑料制品销售；橡胶制品销售；文具用品批发；信息技术咨询服务；鞋帽批发；信息系统集成服务；组织文化艺术交流活动；租赁服务（不含许可类租赁服务）；针纺织品销售；专业保洁、清洗、消毒服务；病媒生物防制服务；病人陪护服务；残疾康复训练服务（非医疗）；养老服务；母婴生活护理（不含医疗服务）；单位后勤管理服务；卫生用品和一次性使用医疗用品销售；智能家庭消费设备销售；食品销售（仅销售预包装食品）；进出口代理；第二类医疗设备租赁。（除依法须经批准的项目外，凭营业执照依法自主开展经营活动）许可项目：第三类医疗器械经营；出入境检疫处理；道路货物运输（不含危险货物）；第三类医疗设备租赁。（依法须经批准的项目，经相关部门批准后方可开展经营活动，具体经营项目以相关部门批准文件或许可证件为准）（不得从事国家和本市产业政策禁止和限制类项目的经营活动。）,huangbowei@sinopharm.com,,中国医疗器械有限公司; 中国医药投资有限公司; 山东海辰云浩投资管理有限公司,010-84298909,01084298909,,,,
北京宸山医疗美容诊所,91110105MA0076LB5W,42571,,,存续,其他,股份合作制,,,,无分支机构信息,北京市朝阳区新东路8号院3号楼1层1-010,无投融资信息,无特殊资质,李素平,110105021715591,MA0076LB5,门诊部（所）,许可项目：医疗美容服务；生活美容服务。（依法须经批准的项目，经相关部门批准后方可开展经营活动，具体经营项目以相关部门批准文件或许可证件为准）一般项目：美甲服务；养生保健服务（非医疗）；中医养生保健服务（非医疗）。（除依法须经批准的项目外，凭营业执照依法自主开展经营活动）（不得从事国家和本市产业政策禁止和限制类项目的经营活动。）,haplatic@163.com,,户士栋; 杨学良,13143377091,010-84682882,13693661665,13810485607,13781871917,
北京仁朴医疗设备有限公司,91110105MA04DR1L36,44417,500万元人民币,,存续,有限责任公司,有限责任公司,自然人独资,微型企业,,无分支机构信息,,无投融资信息,小微企业,刘啸坤,110105031636308,MA04DR1L3,医疗用品及器材批发,一般项目：第二类医疗器械销售；第一类医疗器械销售；卫生用品和一次性使用医疗用品销售；进出口代理；货物进出口；技术进出口；互联网销售（除销售需要许可的商品）；服装辅料销售；母婴用品销售；鞋帽零售；日用品销售；日用百货销售；针纺织品销售；文具用品零售；体育用品及器材零售；自行车及零配件批发；助动自行车、代步车及零配件销售；电动自行车销售；机械零件、零部件销售；家用电器销售；电子产品销售；家具销售；通讯设备销售；电工仪器仪表销售；橡胶制品销售；计算机软硬件及辅助设备零售；计算机软硬件及辅助设备批发；汽车零配件零售；化工产品生产（不含许可类化工产品）；金属材料销售；机械设备销售；国内贸易代理；销售代理；贸易经纪；计算机系统服务；企业管理；企业管理咨询；信息咨询服务（不含许可类信息咨询服务）；公共事业管理服务；会议及展览服务；组织文化艺术交流活动；技术服务、技术开发、技术咨询、技术交流、技术转让、技术推广；软件开发。（除依法须经批准的项目外，凭营业执照依法自主开展经营活动）（不得从事国家和本市产业政策禁止和限制类项目的经营活动。）,,,刘啸坤,16619846939,,,,,
北京伊诺登医疗科技有限公司,91110105051431820L,41114,500万元人民币,500万元人民币,存续,有限责任公司,有限责任公司,自然人独资,微型企业,,无分支机构信息,北京市朝阳区望京星源国际B座1205,无投融资信息,小微企业,玄男,110105015106988,051431820,其他科技推广服务业,一般项目：技术服务、技术开发、技术咨询、技术交流、技术转让、技术推广；第一类医疗器械销售；第二类医疗器械销售；日用品销售；化妆品零售；货物进出口；技术进出口；进出口代理。（除依法须经批准的项目外，凭营业执照依法自主开展经营活动）许可项目：第三类医疗器械经营。（依法须经批准的项目，经相关部门批准后方可开展经营活动，具体经营项目以相关部门批准文件或许可证件为准）（不得从事国家和本市产业政策禁止和限制类项目的经营活动。）,yinuodeng@126.com,,玄男,010-56535607,010-64732002,010-53630971,010-53630970,13552820708,
德台曼医疗管理集团有限公司,91110304MA01DKY938,43301,5000万元人民币,,存续,有限责任公司,有限责任公司,自然人投资或控股,,,无分支机构信息,北京市朝阳区广顺北大街33号院1号楼10层1单元1101室,无投融资信息,小微企业,刘效全,110304025710859,MA01DKY93,其他组织管理服务,医院管理（不含诊疗活动）；健康咨询（须经审批的诊疗活动除外）；商务咨询；销售一类医疗器械、计算机软硬件及辅助设备；器械设备租赁；技术检测；新能源、环保技术开发、技术转让、技术咨询、技术推广、技术服务；货物进出口、代理进出口、技术进出口。（市场主体依法自主选择经营项目，开展经营活动；依法须经批准的项目，经相关部门批准后依批准的内容开展经营活动；不得从事国家和本市产业政策禁止和限制类项目的经营活动。）,00000@qq.com,,刘效全; 王建玲,18910884383,,,,,
北京民讯医疗技术有限公司,91110108358325715Q,42256,2700万元人民币,303.3万元人民币,存续,有限责任公司,有限责任公司,自然人投资或控股,微型企业,,无分支机构信息,,无投融资信息,小微企业,叶碧青,110108019829305,358325715,其他技术推广服务,技术推广服务；经济贸易咨询；企业管理咨询；医院管理（不含诊疗活动）；机械设备租赁（不含汽车租赁）；销售医疗器械Ⅰ、Ⅱ类、日用品、针纺织品。（市场主体依法自主选择经营项目，开展经营活动；依法须经批准的项目，经相关部门批准后依批准的内容开展经营活动；不得从事国家和本市产业政策禁止和限制类项目的经营活动。）,305233049@qq.com,,叶碧青; 郭旭光,01085888985,010-85888832,010-85888985,,,
北京愉悦医疗美容医院有限公司,91110105MA017QYW5U,42997,1326.5万元人民币,1326.5万元人民币,存续,有限责任公司,其他有限责任公司,,小型企业,,无分支机构信息,,股权融资,无特殊资质,吴立宁,110105024169257,MA017QYW5,专科医院,美容科医疗服务。（不得从事国家和本市产业政策禁止和限制类项目的经营活动。）,1070420392@qq.com,,北京贝利卡多商贸有限公司; 宁波梅山保税港区坤上资产管理有限公司; 珠海怀瑾投资有限公司,13167507650,58140121,53579639,17150019802,010-80698035,
北京八大处整形医疗美容医院有限责任公司,91110105MA004CUK64,42453,3000万元人民币,3000万元人民币,存续,有限责任公司,有限责任公司,法人独资,小型企业,,无分支机构信息,北京市朝阳区安立路甲54号,无投融资信息,无特殊资质,宗宪磊,110105020906316,MA004CUK6,专科医院,美容科医疗服务；销售医疗器械I类、日用品、服装、化妆品；技术开发、技术推广、技术转让、技术咨询、技术服务；教育咨询；会议服务；健康咨询（须经审批的诊疗活动除外）。（市场主体依法自主选择经营项目，开展经营活动；美容科医疗服务依法须经批准的项目，经相关部门批准后依批准的内容开展经营活动；不得从事国家和本市产业政策禁止和限制类项目的经营活动。）,zhangxin@yikezhangxin.com,,北京八大处整形医疗科技集团有限公司,64928699,88772029,,,,
北京颜续医疗美容门诊部有限公司,91110105MA7F91R58R,44581,500万元人民币,500万元人民币,存续,有限责任公司,有限责任公司,自然人独资,微型企业,,无分支机构信息,北京市朝阳北路151号楼-1至2层内1-2层西侧,无投融资信息,无特殊资质,董晶娜,110105032757168,MA7F91R58,门诊部（所）,医疗美容服务；生活美容服务；第三类医疗器械经营；市场调查；企业管理咨询；设计、制作、代理、发布广告；承办展览展示活动；会议服务；电脑动画设计；技术开发、技术咨询、技术转让、技术推广、技术服务；组织文化艺术交流活动（不含演出）；销售服装、日用品、针纺织品、I、II类医疗器械、化妆品、工艺品；医学研究（不含诊疗活动）；医院管理（不含诊疗活动）；物业管理；货物进出口、技术进出口；租赁I、II、III类医疗器械。（市场主体依法自主选择经营项目，开展经营活动；医疗美容服务、生活美容服务、第三类医疗器械经营以及依法须经批准的项目，经相关部门批准后依批准的内容开展经营活动；不得从事国家和本市产业政策禁止和限制类项目的经营活动。）,16210417969@163.com,,邓丽,56464849,13801279675,,,,
北京易康医疗投资管理有限公司,911101050981655820,41746,1250万元人民币,1250万元人民币,存续,有限责任公司,有限责任公司,自然人投资或控股,,,无分支机构信息,北京易康医疗投资管理有限公司,无投融资信息,小微企业,赵玉华,110105017063047,098165582,投资与资产管理,投资管理；投资咨询；企业管理咨询；企业策划；资产管理；销售医疗器械（I类）。（'1、未经有关部门批准，不得以公开方式募集资金；2、不得公开开展证券类产品和金融衍生品交易活动；3、不得发放贷款；4、不得对所投资企业以外的其他企业提供担保；5、不得向投资者承诺投资本金不受损失或者承诺最低收益'；企业依法自主选择经营项目，开展经营活动；依法须经批准的项目，经相关部门批准后依批准的内容开展经营活动；不得从事本市产业政策禁止和限制类项目的经营活动。）,ekang@ekanghealthcare.com,,兰敏华; 北京联合易康医疗技术合伙企业（有限合伙）; 宁波海思汇睿医疗投资合伙企业（有限合伙）; 戚积松; 赵玉华,64986679,01053380976,010-53380976,010-64986679,,
士卓曼（北京）医疗器械贸易有限公司,911101055548002536,40357,7029万元人民币,7029万元人民币,存续,外商投资,有限责任公司,外国法人独资,小型企业,,无分支机构信息,北京市朝阳区东三环北路27号嘉铭中心B座三层,无投融资信息,无特殊资质,罗国健,110000450141543,554800253,其他未列明批发业,许可项目：第三类医疗器械经营。（依法须经批准的项目，经相关部门批准后方可开展经营活动，具体经营项目以相关部门批准文件或许可证件为准）一般项目：第二类医疗器械销售；第一类医疗器械销售；计算机软硬件及辅助设备批发；计算机软硬件及辅助设备零售；电子产品销售；机械设备销售；化工产品销售（不含许可类化工产品）；通讯设备销售；五金产品批发；仪器仪表销售；化妆品批发；文具用品批发；日用品批发；塑料制品销售；信息技术咨询服务；计算机系统服务；专业设计服务；图文设计制作；日用电器修理；技术服务、技术开发、技术咨询、技术交流、技术转让、技术推广；信息咨询服务（不含许可类信息咨询服务）；货物进出口；技术进出口；进出口代理。（除依法须经批准的项目外，凭营业执照依法自主开展经营活动）（不得从事国家和本市产业政策禁止和限制类项目的经营活动。）,wendy.jiang@straumann.com,,士卓曼股份有限公司,010-57756500,57756555,010-57756555,,,
北京玖英特医疗科技有限公司,91110105318332128F,41981,1100万元人民币,450万元人民币,存续,港澳台投资,有限责任公司,港澳台投资、非独资,微型企业,,无分支机构信息,,天使轮,小微企业,史武成,110105018280026,318332128,其他技术推广服务,技术推广服务；企业管理咨询；健康咨询（须经审批的诊疗活动除外）；预防保健服务（不含诊疗活动）；应用软件服务（不含医用软件）；基础软件服务；医学研究（不含诊疗活动）；设计、制作、代理、发布广告；会议服务；组织文化艺术交流活动（不含演出）；展览展示服务；批发、零售体育用品；批发、零售食品。（该企业于2018年2月7日前为内资企业，于2018年2月7日变更为外商投资企业；市场主体依法自主选择经营项目，开展经营活动；批发、零售食品以及依法须经批准的项目，经相关部门批准后依批准的内容开展经营活动；不得从事国家和本市产业政策禁止和限制类项目的经营活动。）,fn@jiujiumed.org,,史武成; 李潇萌; 王栋; 珠海元滨投资有限公司; 珠海横琴天医医疗管理有限公司,85758791,010-67726636,010-85758791,010-85758971,,
欧姆龙医疗器械（北京）有限公司,91110105067273687L,41391,2000万元人民币,2000万元人民币,存续,外商投资,有限责任公司,外商投资企业与内资合资,中型企业,,无分支机构信息,,无投融资信息,无特殊资质,赵耀,110105015835271,067273687,医疗用品及器材批发,销售III类医疗器械；批发医疗器械一类、家用电器、机械设备、仪器仪表、化工产品（不含危险化学品）；经济贸易咨询；翻译服务；技术推广服务；货物进出口；租赁医疗器械；会议服务；承办展览展示活动；销售计算机、软件及辅助设备、II类医疗器械、日用品、通讯设备、电子产品。（企业依法自主选择经营项目，开展经营活动；以及依法须经批准的项目，经相关部门批准后依批准的内容开展经营活动；不得从事本市产业政策禁止和限制类项目的经营活动。）,yrlian@gc.omron.com,,北京百世和泰医疗器械有限公司; 欧姆龙健康医疗（中国）有限公司,010-8472-0008,010-84720008,,,,
北京丽合医疗美容医院有限公司,91110105397102864W,41796,500万元人民币,500万元人民币,存续,有限责任公司,其他有限责任公司,,中型企业,,无分支机构信息,朝阳区将台西路18号,无投融资信息,无特殊资质,马彦波,110105017355406,397102864,专科医院,许可项目：医疗美容服务；生活美容服务。（依法须经批准的项目，经相关部门批准后方可开展经营活动，具体经营项目以相关部门批准文件或许可证件为准）一般项目：化妆品零售；化妆品批发；卫生用品和一次性使用医疗用品销售。（除依法须经批准的项目外，凭营业执照依法自主开展经营活动）（不得从事国家和本市产业政策禁止和限制类项目的经营活动。）,936622925@qq.com,,上海丽合医院管理有限公司; 赵静,15321975070,01064330888,13141346616,18203871786,,
千屹联合医疗信息技术（北京）有限公司,91110105MA001XXW46,42326,814万元人民币,,存续,有限责任公司,有限责任公司,自然人投资或控股,微型企业,,无分支机构信息,,无投融资信息,小微企业,朱红林,110105020204625,MA001XXW4,其他技术推广服务,一般项目：技术服务、技术开发、技术咨询、技术交流、技术转让、技术推广；日用品批发；企业形象策划；广告发布；广告设计、代理；广告制作；化妆品批发；会议及展览服务；体育健康服务；远程健康管理服务；软件销售；数据处理服务；健康咨询服务（不含诊疗服务）；企业管理；日用杂品销售；计算机系统服务；软件开发；医院管理；化妆品零售；第二类医疗器械销售；第一类医疗器械销售；互联网销售（除销售需要许可的商品）；个人互联网直播服务；养生保健服务（非医疗）；食品互联网销售（仅销售预包装食品）；保健食品（预包装）销售；食品销售（仅销售预包装食品）。（除依法须经批准的项目外，凭营业执照依法自主开展经营活动）许可项目：出版物零售。（依法须经批准的项目，经相关部门批准后方可开展经营活动，具体经营项目以相关部门批准文件或许可证件为准）（不得从事国家和本市产业政策禁止和限制类项目的经营活动。）,zhangmin@lhyiliao.com,,朱红林; 杭州千屹华优股权投资合伙企业（有限合伙）; 杭州千屹华融股权投资合伙企业（有限合伙）,01059273277,18911090738,01059273289,01058235070,01064983372,
北京泊润医疗美容诊所有限公司,91110105MA01AL6X88,43164,310万元人民币,,存续,有限责任公司,有限责任公司,法人独资,微型企业,,无分支机构信息,,无投融资信息,无特殊资质,陈东浪,110105024911573,MA01AL6X8,门诊部（所）,美容科医疗服务；出租办公用房；物业管理；市场调查；企业管理咨询；技术开发、技术转让、技术咨询、技术服务；会议服务；承办展览展示活动；销售化妆品。（市场主体依法自主选择经营项目，开展经营活动；美容科医疗服务以及依法须经批准的项目，经相关部门批准后依批准的内容开展经营活动；不得从事国家和本市产业政策禁止和限制类项目的经营活动。）,1912448799@qq.com,,广州梵悦医疗投资集团有限公司,010-51077822,13810888589,13011182175,,,
北京市朝阳区医疗卫生工会,81110105K001171598,33031,,,存续,其他,基层工会,,,,无分支机构信息,北京市朝阳区六里屯甜水园东里甲一号,无投融资信息,无特殊资质,刘政华,朝工组字[2023]12号,,,,,,,,,,,,
北京市朝阳区紧急医疗救援中心,121101054008353655,,,,存续,其他,事业单位,,,,无分支机构信息,北京市朝阳区甜水园东里甲1号南院,无投融资信息,无特殊资质,刘艳俊,,,,为急症病患者提供急救医疗服务。,,,,,,,,,
北京市朝阳区医疗机构管理中心工会,8111010505560547XH,39276,,,存续,其他,基层工会,,,,无分支机构信息,北京市朝阳区通惠家园惠生园19号,无投融资信息,无特殊资质,刘雅宁,朝卫工【2024】组第85号,,,"依照法律规定维护职工合法权益,通过开展民主决策、管理和监督,保障职工民主权利实现;教育职工提高素质,积极参与经济建设。",,,,,,,,,
北京市朝阳区医疗保障局工会,81110105MCL245448U,43769,,,存续,其他,基层工会,,,,无分支机构信息,北京市朝阳区第三置业大厦D座五层,无投融资信息,无特殊资质,杨小朋,朝工联字【2019】59号,,,,,,,,,,,,
北京市朝阳区医疗保险事务管理中心,1211010575417631XK,,,,存续,其他,事业单位,,,,无分支机构信息,北京市朝阳区管庄周家井世通国际大厦E座8-10层,无投融资信息,无特殊资质,冯霞,,,,本区参保人、离休人员、征地超转人员、退养人员及特困救助人员医疗保险、生育保险待遇、医疗救助待遇审核结算支付；城乡居民基本医疗保险、征地超转人员参保登记；医疗保险服务协议的制定完善和实施；医保医师管理与指导；监控医疗保障基金使用并对违规行为进行监督管理；门诊特殊病待遇和外转医院的备案，受理异地安置特殊业务申请；医疗保障业务咨询和医疗待遇信息查询等服务。,,,,,,,,,
史赛克（北京）医疗器械有限公司朝阳分公司,91110105318351724D,41817,,,存续,其他,分公司,,,,无分支机构信息,,无投融资信息,小微企业,马利达,110000450261397,318351724,其他综合管理服务,从事总公司经营范围内的业务联络及咨询服务。（依法须经批准的项目，经相关部门批准后依批准的内容开展经营活动。）,chaoyu@vip.sina.com,,,010-85413100,010-85209229,010-59241180,13601145514,010-85209000,
北京市朝阳区紧急医疗救援中心工会,8111010509535218X3,42845,,,存续,其他,基层工会,,,,无分支机构信息,北京市朝阳区甜水园东里甲1号南院,无投融资信息,无特殊资质,刘军,01114000587,,,"依照法律规定维护职工合法权益,通过开展民主决策、管理和监督,保障职工民主权利实现;教育职工提高素质,积极参与经济建设。",,,,,,,,,
北京美众医疗设备有限公司朝阳办事处,91110105MA059M4228,34104,,,存续,其他,办事处,,,,无分支机构信息,,无投融资信息,无特殊资质,吴三连,B00278,MA059M422,专用设备制造业,有关本公司生产销售电子医疗设备及配套的零部件业务的联络工作。,,,,,,,,,
北京市朝阳区耳悦之声医疗器械销售有限公司,91110105MAEXQQMN3Y,45939,2万元人民币,,存续,有限责任公司,有限责任公司,法人独资,,,无分支机构信息,,无投融资信息,无特殊资质,娄瑞卿,110105045732927,MAEXQQMN3,医疗用品及器材零售,一般项目：第二类医疗器械销售；电子产品销售；电池销售；电池零配件销售；日用家电零售；日用杂品销售；日用品销售；家用电器销售；家用电器零配件销售；家具零配件销售；日用化学产品销售；消毒剂销售（不含危险化学品）；卫生用品和一次性使用医疗用品销售；第一类医疗器械销售；技术服务、技术开发、技术咨询、技术交流、技术转让、技术推广；互联网销售（除销售需要许可的商品）；电子测量仪器销售；电子元器件零售；网络技术服务。（除依法须经批准的项目外，凭营业执照依法自主开展经营活动）（不得从事国家和本市产业政策禁止和限制类项目的经营活动。）,,,西藏自然之声声学科技有限公司,,,,,,
北京市朝阳区非公有制医疗机构协会,51110105771987376N,38386,,,存续,其他,社会团体,,,,无分支机构信息,北京市朝阳区十里河村1801号,无投融资信息,无特殊资质,王荣英,,,,1、开展非公有制医疗机构管理学术活动，组织重点学术课题的探讨调研、考察活动和学术交流；2、编辑出版学术期刊、书籍及信息资料；3、采取多种方式，开展继续教育、岗位培训培养非公有制医疗机构管理人才，提高非公有制医疗机构管理专业人水平；4、评选、表彰和奖励优秀非公有制医疗机构管理干部、优秀科研成果、优秀学术著作及论文。,,,,,,,,,
北京市朝阳区乐耳之声医疗器械销售有限公司,91110105MAG192YAX7,45947,5万元人民币,,存续,有限责任公司,有限责任公司,法人独资,,,无分支机构信息,,无投融资信息,无特殊资质,娄瑞卿,110105045824198,MAG192YAX,医疗用品及器材零售,一般项目：第二类医疗器械销售；电子产品销售；电池销售；电池零配件销售；日用家电零售；日用杂品销售；日用品销售；家用电器零配件销售；家具零配件销售；日用化学产品销售；消毒剂销售（不含危险化学品）；卫生用品和一次性使用医疗用品销售；第一类医疗器械销售；技术服务、技术开发、技术咨询、技术交流、技术转让、技术推广；互联网销售（除销售需要许可的商品）；电子测量仪器销售；电子元器件零售；网络技术服务。（除依法须经批准的项目外，凭营业执照依法自主开展经营活动）（不得从事国家和本市产业政策禁止和限制类项目的经营活动。）,,,西藏自然之声声学科技有限公司,,,,,,
北京海劲迈科医疗器械有限公司朝阳分公司,91110105MA018F0J87,38505,,,存续,有限责任公司,其他有限责任公司分公司,,,,无分支机构信息,,无投融资信息,小微企业,刘奇瑞,110105008397515,MA018F0J8,医疗用品及器材批发,销售医疗器械（只限Ⅰ类）、五金交电、机械设备、电器设备、建筑材料、金属材料、电子计算机软件、硬件、汽车配件；科技产品的技术开发、技术转让、技术服务、技术培训；信息咨询（不含中介服务）；广告设计、制作；组织文化艺术交流活动；承办展览展示。（企业依法自主选择经营项目，开展经营活动；依法须经批准的项目，经相关部门批准后依批准的内容开展经营活动；不得从事本市产业政策禁止和限制类项目的经营活动。）,1392885909@qq.com,,,65586328,85790136,010-85790136,010-65586328,,
上海八鲸达烁医疗科技有限公司北京朝阳分公司,91110105MAEMY19C6D,45827,,,存续,有限责任公司,有限责任公司分公司,自然人投资或控股,,,无分支机构信息,,无投融资信息,无特殊资质,张蔚,,MAEMY19C6,批发业,一般项目：技术服务、技术开发、技术咨询、技术交流、技术转让、技术推广；第二类医疗器械销售；第一类医疗器械销售；网络与信息安全软件开发；互联网销售（除销售需要许可的商品）；信息系统集成服务；网络技术服务；数据处理和存储支持服务；市场营销策划；信息咨询服务（不含许可类信息咨询服务）；品牌管理；软件销售；计算机及办公设备维修；电子产品销售；橡胶制品销售；纸制品销售；针纺织品及原料销售；机械零件、零部件销售；普通机械设备安装服务；电子、机械设备维护（不含特种设备）。（除依法须经批准的项目外，凭营业执照依法自主开展经营活动）（不得从事国家和本市产业政策禁止和限制类项目的经营活动。）,,,,,,,,,
北京康复之家医疗用品有限公司朝阳第一分店,91110105MA0094058F,42670,,,存续,有限责任公司,有限责任公司分公司,法人独资,,,无分支机构信息,,无投融资信息,小微企业,赵丹,110105022281603,MA0094058,医疗用品及器材零售,许可项目：第三类医疗器械经营；食品销售；药品零售。（依法须经批准的项目，经相关部门批准后方可开展经营活动，具体经营项目以相关部门批准文件或许可证件为准）一般项目：第一类医疗器械销售；第一类医疗器械租赁；第二类医疗器械销售；第二类医疗器械租赁；日用百货销售；针纺织品销售；体育用品及器材零售；电子产品销售；家用电器销售；消毒剂销售（不含危险化学品）；母婴用品销售；化妆品零售。（除依法须经批准的项目外，凭营业执照依法自主开展经营活动）（不得从事国家和本市产业政策禁止和限制类项目的经营活动。）,991121311@qq.com,,,010-51291799,84670766,010-51294949,,,
北京阳光普仁医疗器械有限公司朝阳办事处,91110105MA008LHN41,42643,,,存续,有限责任公司,有限责任公司分公司,自然人投资或控股,微型企业,,无分支机构信息,北京市朝阳区朝阳北路103号金泰国益大厦1008-1009室,无投融资信息,小微企业,何辉,110105022142670,MA008LHN4,其他综合管理服务,为隶属企业提供联络服务。（企业依法自主选择经营项目，开展经营活动；依法须经批准的项目，经相关部门批准后依批准的内容开展经营活动；不得从事本市产业政策禁止和限制类项目的经营活动。）,2249426054@qq.com,,,01085518541,010-85518500,01085518500,,,
北京康复之家医疗用品有限公司朝阳第三分店,91110105MA0091J18U,42667,,,存续,有限责任公司,有限责任公司分公司,法人独资,,,无分支机构信息,,无投融资信息,小微企业,赵丹,110105022258189,MA0091J18,医疗用品及器材零售,许可项目：第三类医疗器械经营；农药零售；食品销售。（依法须经批准的项目，经相关部门批准后方可开展经营活动，具体经营项目以相关部门批准文件或许可证件为准）一般项目：第一类医疗器械销售；第一类医疗设备租赁；第二类医疗器械销售；第二类医疗设备租赁；日用百货销售；针纺织品销售；体育用品及器材零售；电子产品销售；家用电器销售；消毒剂销售（不含危险化学品）；母婴用品销售；化妆品零售；宠物食品及用品零售；个人卫生用品销售；技术服务、技术开发、技术咨询、技术交流、技术转让、技术推广；文具用品零售；广告制作；广告发布；广告设计、代理；农副产品销售；食用农产品零售。（除依法须经批准的项目外，凭营业执照依法自主开展经营活动）（不得从事国家和本市产业政策禁止和限制类项目的经营活动。）,2106107080@qq.com,,,010-51291799,13581774292,64729623,010-64729623,,
北京康复之家医疗用品有限公司朝阳第九分店,91110105MADAHUR65K,45308,,,存续,有限责任公司,有限责任公司分公司,法人独资,,,无分支机构信息,,无投融资信息,无特殊资质,赵丹,110105038092036,MADAHUR65,医疗用品及器材零售,许可项目：第三类医疗器械经营；农药零售。（依法须经批准的项目，经相关部门批准后方可开展经营活动，具体经营项目以相关部门批准文件或许可证件为准）一般项目：第一类医疗器械销售；第一类医疗器械租赁；第二类医疗器械销售；第二类医疗器械租赁；日用百货销售；针纺织品销售；体育用品及器材零售；电子产品销售；家用电器销售；消毒剂销售（不含危险化学品）；母婴用品销售；化妆品零售；宠物食品及用品零售；个人卫生用品销售；食品销售（仅销售预包装食品）；保健食品（预包装）销售；婴幼儿配方乳粉及其他婴幼儿配方食品销售；特殊医学用途配方食品销售；技术服务、技术开发、技术咨询、技术交流、技术转让、技术推广；化工产品销售（不含许可类化工产品）；文具用品零售；广告制作；广告发布；广告设计、代理；农副产品销售；食用农产品零售。（除依法须经批准的项目外，凭营业执照依法自主开展经营活动）（不得从事国家和本市产业政策禁止和限制类项目的经营活动。）,2106107080@qq.com,,,010-51291799,,,,,
北京领医医疗美容门诊部有限公司北京朝阳分公司,91110105MAECTXH42A,45716,,,存续,有限责任公司,其他有限责任公司分公司,,,,无分支机构信息,,无投融资信息,无特殊资质,胡隐麒,,MAECTXH42,门诊部（所）,许可项目：医疗服务；生活美容服务；医疗美容服务；第三类医疗器械经营；第三类医疗器械生产；食品销售。（依法须经批准的项目，经相关部门批准后方可开展经营活动，具体经营项目以相关部门批准文件或许可证件为准）一般项目：食品销售（仅销售预包装食品）；个人卫生用品销售；日用品销售；化妆品零售；第一类医疗器械销售；体育用品及器材零售；电子产品销售；劳务服务（不含劳务派遣）；企业管理咨询；会议及展览服务；组织文化艺术交流活动；社会经济咨询服务；技术服务、技术开发、技术咨询、技术交流、技术转让、技术推广。（除依法须经批准的项目外，凭营业执照依法自主开展经营活动）（不得从事国家和本市产业政策禁止和限制类项目的经营活动。）,,,,,,,,,
北京市朝阳区崔各庄乡彭国涛医疗器械销售中心,92110105MA01GHXU7B,43467,,,存续,个体工商户,个体工商户,,,,无分支机构信息,,无投融资信息,小微企业,彭国涛,110105604997368,MA01GHXU7,医疗用品及器材批发,销售Ⅰ、Ⅱ类医疗器械。（执照有效至2019年03月27日）。（依法须经批准的项目，经相关部门批准后依批准的内容开展经营活动。）,,,,,,,,,
北京市朝阳区乐耳之声医疗器械销售有限公司双桥路店,91110105MAK1YGNP44,45999,,,存续,有限责任公司,有限责任公司分公司,法人独资,,,无分支机构信息,,无投融资信息,无特殊资质,陆东杰,,MAK1YGNP4,医疗用品及器材零售,一般项目：第二类医疗器械销售；电子产品销售；电池销售；电池零配件销售；日用家电零售；日用杂品销售；日用品销售；家用电器零配件销售；家具零配件销售；日用化学产品销售；卫生用品和一次性使用医疗用品销售；消毒剂销售（不含危险化学品）；技术服务、技术开发、技术咨询、技术交流、技术转让、技术推广；第一类医疗器械销售；互联网销售（除销售需要许可的商品）；电子测量仪器销售；网络技术服务；电子元器件零售。（除依法须经批准的项目外，凭营业执照依法自主开展经营活动）（不得从事国家和本市产业政策禁止和限制类项目的经营活动。）,,,,,,,,,18910205273
北京领医银泰医疗美容诊所有限公司北京朝阳分公司,91110105MACRPMA2X8,45160,,,存续,有限责任公司,有限责任公司分公司,法人独资,,,无分支机构信息,北京市朝阳区建国门外大街2号院4号楼二层201内,无投融资信息,小微企业,胡隐麒,,MACRPMA2X,理发及美容服务,许可项目：生活美容服务；医疗美容服务；食品销售；第三类医疗器械生产；第三类医疗器械经营。（依法须经批准的项目，经相关部门批准后方可开展经营活动，具体经营项目以相关部门批准文件或许可证件为准）一般项目：化妆品零售；个人卫生用品销售；日用品销售；体育用品及器材零售；第一类医疗器械销售；电子产品销售；劳务服务（不含劳务派遣）；企业管理咨询；会议及展览服务；组织文化艺术交流活动；社会经济咨询服务；技术服务、技术开发、技术咨询、技术交流、技术转让、技术推广。（除依法须经批准的项目外，凭营业执照依法自主开展经营活动）（不得从事国家和本市产业政策禁止和限制类项目的经营活动。）,ssm@limmedicaks.com,,,18601143362,,,,,
北京市朝阳区非公有制医疗机构联合工会,81110105MCA888048B,45588,,,存续,其他,基层工会,,,,无分支机构信息,北京市朝阳区甜水园东里甲一号,无投融资信息,无特殊资质,阚旭,朝卫工【2024】组66号,,,,,,,,,,,,
北京市朝阳区乐耳之声医疗器械销售有限公司三元桥店,91110105MAK396QE17,46000,,,存续,有限责任公司,有限责任公司分公司,法人独资,,,无分支机构信息,,无投融资信息,无特殊资质,和洁,110105046351034,MAK396QE1,医疗用品及器材零售,一般项目：第二类医疗器械销售；电子产品销售；电池销售；电池零配件销售；日用家电零售；日用杂品销售；日用品销售；家用电器零配件销售；家具零配件销售；日用化学产品销售；消毒剂销售（不含危险化学品）；卫生用品和一次性使用医疗用品销售；第一类医疗器械销售；技术服务、技术开发、技术咨询、技术交流、技术转让、技术推广；互联网销售（除销售需要许可的商品）；电子测量仪器销售；电子元器件零售；网络技术服务。（除依法须经批准的项目外，凭营业执照依法自主开展经营活动）（不得从事国家和本市产业政策禁止和限制类项目的经营活动。）,,,,,,,,,18500877935
江苏德威兰医疗器械股份有限公司北京朝阳分公司,91110105MA01XKW81M,44162,,,存续,股份有限公司,股份有限公司分公司,上市、自然人投资或控股,微型企业,,无分支机构信息,,无投融资信息,小微企业,田明明,110105029958292,MA01XKW81,其他未列明专业技术服务业,技术开发；销售I类医疗器械、II类医疗器械。（市场主体依法自主选择经营项目，开展经营活动；依法须经批准的项目，经相关部门批准后依批准的内容开展经营活动；不得从事国家和本市产业政策禁止和限制类项目的经营活动。）,service@3yiyao.com,,,010-68218358,18611918550,,,,
